PDF_URL,Local_File_Path
https://hlpf.un.org/sites/default/files/vnrs/2021/10560NVR%20%28Morocco%29.pdf,precompute-data/download_vlr_pdfs/downloads/63698170/10560NVR%20%28Morocco%29.pdf
https://hlpf.un.org/sites/default/files/vnrs/2021/10738egypt.pdf,precompute-data/download_vlr_pdfs/downloads/73f30e8c/10738egypt.pdf
https://hlpf.un.org/sites/default/files/vnrs/2021/10756Full%20report%20Mexico%20-%20HLPF%202016%20FINAL.pdf,precompute-data/download_vlr_pdfs/downloads/6deb5162/10756Full%20report%20Mexico%20-%20HLPF%202016%20FINAL.pdf
https://hlpf.un.org/sites/default/files/vnrs/2021/15721Belgium_Rev.pdf,precompute-data/download_vlr_pdfs/downloads/5b8072df/15721Belgium_Rev.pdf
https://hlpf.un.org/sites/default/files/vnrs/2021/15766Portugal2017_EN_REV_FINAL_29_06_2017.pdf,precompute-data/download_vlr_pdfs/downloads/3bf57e7b/15766Portugal2017_EN_REV_FINAL_29_06_2017.pdf
https://hlpf.un.org/sites/default/files/vnrs/2021/15806Brazil_English.pdf,precompute-data/download_vlr_pdfs/downloads/e5adcd42/15806Brazil_English.pdf
https://hlpf.un.org/sites/default/files/vnrs/2021/15881Malaysia.pdf,precompute-data/download_vlr_pdfs/downloads/7594b02d/15881Malaysia.pdf
https://hlpf.un.org/sites/default/files/vnrs/2021/16445JapanVNR2017.pdf,precompute-data/download_vlr_pdfs/downloads/323a992d/16445JapanVNR2017.pdf
https://hlpf.un.org/sites/default/files/vnrs/2021/20122VOLUNTARY_NATIONAL_REPORT_060718.pdf,precompute-data/download_vlr_pdfs/downloads/90deab66/20122VOLUNTARY_NATIONAL_REPORT_060718.pdf
https://hlpf.un.org/sites/default/files/vnrs/2021/20269EGY_VNR_2018_final_with_Hyperlink_9720185b45d.pdf,precompute-data/download_vlr_pdfs/downloads/4d5314ec/20269EGY_VNR_2018_final_with_Hyperlink_9720185b45d.pdf
https://hlpf.un.org/sites/default/files/vnrs/2021/23429VNR_Report_Tanzania_2019_FINAL.pdf,precompute-data/download_vlr_pdfs/downloads/a6da145f/23429VNR_Report_Tanzania_2019_FINAL.pdf
https://hlpf.un.org/sites/default/files/vnrs/2021/26295VNR_2020_Ukraine_Report.pdf,precompute-data/download_vlr_pdfs/downloads/4b066319/26295VNR_2020_Ukraine_Report.pdf
https://hlpf.un.org/sites/default/files/vnrs/2021/26314VNR_2020_Mozambique_Report.pdf,precompute-data/download_vlr_pdfs/downloads/7e05dccf/26314VNR_2020_Mozambique_Report.pdf
https://hlpf.un.org/sites/default/files/vnrs/2021/26406VNR_2020_Morocco_Report_French.pdf,precompute-data/download_vlr_pdfs/downloads/a5c42b88/26406VNR_2020_Morocco_Report_French.pdf
https://hlpf.un.org/sites/default/files/vnrs/2021/279512021_VNR_Report_Egypt.pdf,precompute-data/download_vlr_pdfs/downloads/83586844/279512021_VNR_Report_Egypt.pdf
https://hlpf.un.org/sites/default/files/vnrs/2021/288982021_VNR_Report_Mexico.pdf,precompute-data/download_vlr_pdfs/downloads/c5e1c0e5/288982021_VNR_Report_Mexico.pdf
https://hlpf.un.org/sites/default/files/vnrs/2021/28957210714_VNR_2021_Japan.pdf,precompute-data/download_vlr_pdfs/downloads/0f416c05/28957210714_VNR_2021_Japan.pdf
https://hlpf.un.org/sites/default/files/vnrs/2023/Portugal_VNR_Report.pdf,precompute-data/download_vlr_pdfs/downloads/219246f0/Portugal_VNR_Report.pdf
https://sdgs.un.org/sites/default/files/2020-09/20531Suwon_Implementation_Report_on_Goal_11_for_HLPF_2018_Final.pdf,precompute-data/download_vlr_pdfs/downloads/c3e82e32/20531Suwon_Implementation_Report_on_Goal_11_for_HLPF_2018_Final.pdf
https://sdgs.un.org/sites/default/files/2020-09/25023VLR_City_of_Mannheim_final.pdf,precompute-data/download_vlr_pdfs/downloads/3da061a6/25023VLR_City_of_Mannheim_final.pdf
https://sdgs.un.org/sites/default/files/2020-09/AGENDA_EBC2030.pdf,precompute-data/download_vlr_pdfs/downloads/cd811719/AGENDA_EBC2030.pdf
https://sdgs.un.org/sites/default/files/2020-09/BRISTOL%20AND%20THE%20SDGs.pdf,precompute-data/download_vlr_pdfs/downloads/773e3b00/BRISTOL%20AND%20THE%20SDGs.pdf
https://sdgs.un.org/sites/default/files/2020-09/En-route-vers-2030-Rapport-de-mise-en-uvre-en-Wallonie-des-Objectifs-de-dveloppement-durable.pdf,precompute-data/download_vlr_pdfs/downloads/658eee94/En-route-vers-2030-Rapport-de-mise-en-uvre-en-Wallonie-des-Objectifs-de-dveloppement-durable.pdf
https://sdgs.un.org/sites/default/files/2020-09/English_Report%20of%20Localization%20of%20the%20Sustainable%20Development%20Goals.pdf,precompute-data/download_vlr_pdfs/downloads/a8bf915d/English_Report%20of%20Localization%20of%20the%20Sustainable%20Development%20Goals.pdf
https://sdgs.un.org/sites/default/files/2020-09/Green-Environmental-Sustainability-Progress-Report.pdf,precompute-data/download_vlr_pdfs/downloads/446ebd1e/Green-Environmental-Sustainability-Progress-Report.pdf
https://sdgs.un.org/sites/default/files/2020-09/International-Affairs-VLR-2019.pdf,precompute-data/download_vlr_pdfs/downloads/827976a6/International-Affairs-VLR-2019.pdf
https://sdgs.un.org/sites/default/files/2020-09/LA%27s_Voluntary_Local_Review_of_SDGs_2019.pdf,precompute-data/download_vlr_pdfs/downloads/79373c2f/LA%27s_Voluntary_Local_Review_of_SDGs_2019.pdf
https://sdgs.un.org/sites/default/files/2020-09/Location-of-the-Agenda-2030-in-Barcarena.pdf,precompute-data/download_vlr_pdfs/downloads/3d5d2c02/Location-of-the-Agenda-2030-in-Barcarena.pdf
https://sdgs.un.org/sites/default/files/2020-09/NYC_VLR_2018_FINAL.pdf,precompute-data/download_vlr_pdfs/downloads/db31c2cf/NYC_VLR_2018_FINAL.pdf
https://sdgs.un.org/sites/default/files/2020-09/Santana_de_Parnai%CC%81ba_2030_Vision_%20Connected_to_the%20Future.pdf,precompute-data/download_vlr_pdfs/downloads/d5fd93d1/Santana_de_Parnai%CC%81ba_2030_Vision_%20Connected_to_the%20Future.pdf
https://sdgs.un.org/sites/default/files/2020-09/Sustainability-Strategy-for-North-Rhine-Westphalia.pdf,precompute-data/download_vlr_pdfs/downloads/990c313b/Sustainability-Strategy-for-North-Rhine-Westphalia.pdf
https://sdgs.un.org/sites/default/files/2020-09/The-Region-of-Valencia-and-the-local-implementation-of-the-SDGs-A-region-committed-to-Cooperation-and-the-2030-Agenda-for-Sustainable-Development.pdf,precompute-data/download_vlr_pdfs/downloads/cdf1af62/The-Region-of-Valencia-and-the-local-implementation-of-the-SDGs-A-region-committed-to-Cooperation-and-the-2030-Agenda-for-Sustainable-Development.pdf
https://sdgs.un.org/sites/default/files/2020-09/Voluntary%20Subnational%20Report%20-%20Maria%20Elias.pdf,precompute-data/download_vlr_pdfs/downloads/0b861127/Voluntary%20Subnational%20Report%20-%20Maria%20Elias.pdf
https://sdgs.un.org/sites/default/files/2020-09/buenos_aires_voluntary_local_review_1_0.pdf,precompute-data/download_vlr_pdfs/downloads/f011131b/buenos_aires_voluntary_local_review_1_0.pdf
https://sdgs.un.org/sites/default/files/2020-09/english-vlr-toyama-city-japan-2018.pdf,precompute-data/download_vlr_pdfs/downloads/f4454b68/english-vlr-toyama-city-japan-2018.pdf
https://sdgs.un.org/sites/default/files/2020-09/kitakyushu-sdg-report-en-2018.pdf,precompute-data/download_vlr_pdfs/downloads/b7b08dad/kitakyushu-sdg-report-en-2018.pdf
https://sdgs.un.org/sites/default/files/2020-09/ods_gamlp_compressed.pdf,precompute-data/download_vlr_pdfs/downloads/518bc37e/ods_gamlp_compressed.pdf
https://sdgs.un.org/sites/default/files/2020-09/odssp_en.pdf,precompute-data/download_vlr_pdfs/downloads/c0ae4a04/odssp_en.pdf
https://sdgs.un.org/sites/default/files/2020-09/shimokawa-city-hokkaido-sdgs-report-en-2018.pdf,precompute-data/download_vlr_pdfs/downloads/266df2a9/shimokawa-city-hokkaido-sdgs-report-en-2018.pdf
https://sdgs.un.org/sites/default/files/2020-10/2020%20VLR%20Stuttgart%20eng.pdf,precompute-data/download_vlr_pdfs/downloads/cf99629c/2020%20VLR%20Stuttgart%20eng.pdf
https://sdgs.un.org/sites/default/files/2020-10/Cauayan-City-Localizing-Sustainable-Development-Goals.pdf,precompute-data/download_vlr_pdfs/downloads/9e72c9f4/Cauayan-City-Localizing-Sustainable-Development-Goals.pdf
https://sdgs.un.org/sites/default/files/2020-10/Espan%CC%83ol_Informe%20de%20Localizacio%CC%81n%20de%20los%20Objetivos%20de%20Desarrollo%20Sostenible%20en%20la%20Ciudad%20de%20Sa%CC%83o%20Paulo.pdf,precompute-data/download_vlr_pdfs/downloads/2bf8fdc3/Espan%CC%83ol_Informe%20de%20Localizacio%CC%81n%20de%20los%20Objetivos%20de%20Desarrollo%20Sostenible%20en%20la%20Ciudad%20de%20Sa%CC%83o%20Paulo.pdf
https://sdgs.un.org/sites/default/files/2020-10/Lebenswertes%20Stuttgart_Die%20globale%20Agenda%202030%20auf%20lokaler%20Ebene.pdf,precompute-data/download_vlr_pdfs/downloads/c1e5ea04/Lebenswertes%20Stuttgart_Die%20globale%20Agenda%202030%20auf%20lokaler%20Ebene.pdf
https://sdgs.un.org/sites/default/files/2020-10/Portugue%CC%82s_Relato%CC%81rio%20de%20Localizac%CC%A7a%CC%83o%20dos%20Objetivos%20de%20Desenvolvimento%20Sustenta%CC%81vel%20na%20Cidade%20de%20Sa%CC%83o%20Paulo.pdf,precompute-data/download_vlr_pdfs/downloads/5b065a6d/Portugue%CC%82s_Relato%CC%81rio%20de%20Localizac%CC%A7a%CC%83o%20dos%20Objetivos%20de%20Desenvolvimento%20Sustenta%CC%81vel%20na%20Cidade%20de%20Sa%CC%83o%20Paulo.pdf
https://sdgs.un.org/sites/default/files/2020-10/SPW%20-%20Rapport%20indicateurs%20ODD-def_0.pdf,precompute-data/download_vlr_pdfs/downloads/037e0e79/SPW%20-%20Rapport%20indicateurs%20ODD-def_0.pdf
https://sdgs.un.org/sites/default/files/2020-10/Turku%20Voluntary%20Local%20Review%202020%20WEB%20EN.pdf,precompute-data/download_vlr_pdfs/downloads/cab9ac39/Turku%20Voluntary%20Local%20Review%202020%20WEB%20EN.pdf
https://sdgs.un.org/sites/default/files/2020-10/VLR%20BA%202020_eng.pdf,precompute-data/download_vlr_pdfs/downloads/c265c9c2/VLR%20BA%202020_eng.pdf
https://sdgs.un.org/sites/default/files/2020-10/VLR_State%20of%20Para%CC%81_Brazil_English.pdf,precompute-data/download_vlr_pdfs/downloads/8fef9eb4/VLR_State%20of%20Para%CC%81_Brazil_English.pdf
https://sdgs.un.org/sites/default/files/2020-10/Voluntary-Local-Review-Bericht-englisch.pdf,precompute-data/download_vlr_pdfs/downloads/899b6ddc/Voluntary-Local-Review-Bericht-englisch.pdf
https://sdgs.un.org/sites/default/files/2020-10/basque2017.pdf,precompute-data/download_vlr_pdfs/downloads/392c8574/basque2017.pdf
https://sdgs.un.org/sites/default/files/2020-10/basque2018.pdf,precompute-data/download_vlr_pdfs/downloads/03a870dc/basque2018.pdf
https://sdgs.un.org/sites/default/files/2020-10/basque2019.pdf,precompute-data/download_vlr_pdfs/downloads/8765023b/basque2019.pdf
https://sdgs.un.org/sites/default/files/2020-12/Pittsburgh%20VLR%202020%20Final%20Draft.pdf,precompute-data/download_vlr_pdfs/downloads/6ad102ec/Pittsburgh%20VLR%202020%20Final%20Draft.pdf
https://sdgs.un.org/sites/default/files/2021-01/Montevideo%20LVR%202020.pdf,precompute-data/download_vlr_pdfs/downloads/1fcadeae/Montevideo%20LVR%202020.pdf
https://sdgs.un.org/sites/default/files/2021-01/VLR%20Guangzhou%2C%20China-compressed.pdf,precompute-data/download_vlr_pdfs/downloads/ed28447c/VLR%20Guangzhou%2C%20China-compressed.pdf
https://sdgs.un.org/sites/default/files/2021-03/EspooVLR2020Websmall.pdf,precompute-data/download_vlr_pdfs/downloads/76131605/EspooVLR2020Websmall.pdf
https://sdgs.un.org/sites/default/files/2021-03/VLR%20YucatanISV_ESP_small.pdf,precompute-data/download_vlr_pdfs/downloads/0d697763/VLR%20YucatanISV_ESP_small.pdf
https://sdgs.un.org/sites/default/files/2021-03/VLR%20YucatanISV_ING_small.pdf,precompute-data/download_vlr_pdfs/downloads/fce735aa/VLR%20YucatanISV_ING_small.pdf
https://sdgs.un.org/sites/default/files/2021-04/Mexico%20City%20VLR.pdf,precompute-data/download_vlr_pdfs/downloads/8ae98d74/Mexico%20City%20VLR.pdf
https://sdgs.un.org/sites/default/files/2021-04/odssp-port.pdf,precompute-data/download_vlr_pdfs/downloads/c3a6a08f/odssp-port.pdf
https://sdgs.un.org/sites/default/files/2021-07/Agenda%202030%20in%20Asker%2C%20Voluntary%20Local%20Review%202021%20%281%29.pdf,precompute-data/download_vlr_pdfs/downloads/addd9571/Agenda%202030%20in%20Asker%2C%20Voluntary%20Local%20Review%202021%20%281%29.pdf
https://sdgs.un.org/sites/default/files/2021-07/Helsingborg_VLR_2021%20%282%29.pdf,precompute-data/download_vlr_pdfs/downloads/a04b51e0/Helsingborg_VLR_2021%20%282%29.pdf
https://sdgs.un.org/sites/default/files/2021-07/Helsinki_VLR_From%20Agenda%20to%20Action%202021%20%281%29_0.pdf,precompute-data/download_vlr_pdfs/downloads/aba65475/Helsinki_VLR_From%20Agenda%20to%20Action%202021%20%281%29_0.pdf
https://sdgs.un.org/sites/default/files/2021-07/Stockholm%20Volontary%20Local%20Review%202020_Agenda2030%20eng.pdf,precompute-data/download_vlr_pdfs/downloads/d49c4ee1/Stockholm%20Volontary%20Local%20Review%202020_Agenda2030%20eng.pdf
https://sdgs.un.org/sites/default/files/2021-07/VF_CDMX.pdf,precompute-data/download_vlr_pdfs/downloads/1be713b8/VF_CDMX.pdf
https://sdgs.un.org/sites/default/files/2021-07/VLR%20SDGs%20Shah%20Alam.pdf,precompute-data/download_vlr_pdfs/downloads/4855d633/VLR%20SDGs%20Shah%20Alam.pdf
https://sdgs.un.org/sites/default/files/2021-07/VLR%20SDGs%20Subang%20Jaya.pdf,precompute-data/download_vlr_pdfs/downloads/f1c567f2/VLR%20SDGs%20Subang%20Jaya.pdf
https://sdgs.un.org/sites/default/files/2021-08/Mexico_Merida.pdf,precompute-data/download_vlr_pdfs/downloads/3e7b134a/Mexico_Merida.pdf
https://sdgs.un.org/sites/default/files/2021-08/Mexico_Tabasco.pdf,precompute-data/download_vlr_pdfs/downloads/9a2d863e/Mexico_Tabasco.pdf
https://sdgs.un.org/sites/default/files/2021-08/VF_Durango_ILV.pdf,precompute-data/download_vlr_pdfs/downloads/60b18806/VF_Durango_ILV.pdf
https://sdgs.un.org/sites/default/files/2021-10/Skiathos%20VLR%202020.pdf,precompute-data/download_vlr_pdfs/downloads/1a91fc3f/Skiathos%20VLR%202020.pdf
https://sdgs.un.org/sites/default/files/2021-11/Orlando%20VLR%202021.pdf,precompute-data/download_vlr_pdfs/downloads/b5d53d39/Orlando%20VLR%202021.pdf
https://sdgs.un.org/sites/default/files/vlrs/2021-06/Barcelona%202020%20%20Informe.pdf,precompute-data/download_vlr_pdfs/downloads/1d43caac/Barcelona%202020%20%20Informe.pdf
https://sdgs.un.org/sites/default/files/vlrs/2021-06/Barcelona_Agenda2030_Metas_Indicadores%20clave_Spanish.pdf,precompute-data/download_vlr_pdfs/downloads/c368eb4f/Barcelona_Agenda2030_Metas_Indicadores%20clave_Spanish.pdf
https://sdgs.un.org/sites/default/files/vlrs/2021-06/GladsaxeReport-VLR.pdf,precompute-data/download_vlr_pdfs/downloads/5403ad1d/GladsaxeReport-VLR.pdf
https://sdgs.un.org/sites/default/files/vlrs/2021-06/ghent_sdg_voluntary_local_review_2020.pdf,precompute-data/download_vlr_pdfs/downloads/ca01b88b/ghent_sdg_voluntary_local_review_2020.pdf
https://sdgs.un.org/sites/default/files/vlrs/2021-07/vlr_city_of_malmo_2021_0.pdf,precompute-data/download_vlr_pdfs/downloads/932d3b5b/vlr_city_of_malmo_2021_0.pdf
https://sdgs.un.org/sites/default/files/vlrs/2021-08/vf_ilv_edomex_compressed.pdf,precompute-data/download_vlr_pdfs/downloads/b8532ec3/vf_ilv_edomex_compressed.pdf
https://sdgs.un.org/sites/default/files/vlrs/2021-09/2nd_vlr_state_of_para_brazil.pdf,precompute-data/download_vlr_pdfs/downloads/0db858f9/2nd_vlr_state_of_para_brazil.pdf
https://sdgs.un.org/sites/default/files/vlrs/2021-09/ghent_sustainability_report_2021_-_focus_on_people_-_voluntary_local_review.pdf,precompute-data/download_vlr_pdfs/downloads/14b74371/ghent_sustainability_report_2021_-_focus_on_people_-_voluntary_local_review.pdf
https://sdgs.un.org/sites/default/files/vlrs/2021-09/voluntary_local_review_yiwu_0.pdf,precompute-data/download_vlr_pdfs/downloads/a0441e25/voluntary_local_review_yiwu_0.pdf
https://sdgs.un.org/sites/default/files/vlrs/2021-10/sustainable_vantaa_belongs_to_everyone_eng.pdf,precompute-data/download_vlr_pdfs/downloads/86fa2dcf/sustainable_vantaa_belongs_to_everyone_eng.pdf
https://sdgs.un.org/sites/default/files/vlrs/2021-11/informe_local_voluntario-lima-2021_0.pdf,precompute-data/download_vlr_pdfs/downloads/5bd84c75/informe_local_voluntario-lima-2021_0.pdf
https://sdgs.un.org/sites/default/files/vlrs/2021-11/losangeles_2021_vlr.pdf,precompute-data/download_vlr_pdfs/downloads/f6d0978a/losangeles_2021_vlr.pdf
https://sdgs.un.org/sites/default/files/vlrs/2021-12/summary_of_voluntary_local_review_for_shkodra_2020.pdf,precompute-data/download_vlr_pdfs/downloads/1c4b2865/summary_of_voluntary_local_review_for_shkodra_2020.pdf
https://sdgs.un.org/sites/default/files/vlrs/2021-12/vleresimi_vullnetar_lokal_shkoder.pdf,precompute-data/download_vlr_pdfs/downloads/286c9b02/vleresimi_vullnetar_lokal_shkoder.pdf
https://sdgs.un.org/sites/default/files/vlrs/2021-12/vlr_2021_yokohama_for-web2.pdf,precompute-data/download_vlr_pdfs/downloads/738d100f/vlr_2021_yokohama_for-web2.pdf
https://sdgs.un.org/sites/default/files/vlrs/2022-01/sao_paolo_vlr_2021_english.pdf,precompute-data/download_vlr_pdfs/downloads/ade86f99/sao_paolo_vlr_2021_english.pdf
https://sdgs.un.org/sites/default/files/vlrs/2022-01/sao_paolo_vlr_2021_espanol.pdf,precompute-data/download_vlr_pdfs/downloads/11d89213/sao_paolo_vlr_2021_espanol.pdf
https://sdgs.un.org/sites/default/files/vlrs/2022-01/sao_paolo_vlr_2021_portugues.pdf,precompute-data/download_vlr_pdfs/downloads/15f034b0/sao_paolo_vlr_2021_portugues.pdf
https://sdgs.un.org/sites/default/files/vlrs/2022-01/vf_guadalajara_2021.pdf,precompute-data/download_vlr_pdfs/downloads/582b0ce0/vf_guadalajara_2021.pdf
https://sdgs.un.org/sites/default/files/vlrs/2022-03/hawaii_vlr_aloha_2020_benchmark_report_fullreport.pdf,precompute-data/download_vlr_pdfs/downloads/6c652aa6/hawaii_vlr_aloha_2020_benchmark_report_fullreport.pdf
https://sdgs.un.org/sites/default/files/vlrs/2022-03/viken_county-local_voluntary_review_2021.pdf,precompute-data/download_vlr_pdfs/downloads/ead2ffe8/viken_county-local_voluntary_review_2021.pdf
https://sdgs.un.org/sites/default/files/vlrs/2022-03/vlr_surabaya2021_english_fa.pdf,precompute-data/download_vlr_pdfs/downloads/b5893969/vlr_surabaya2021_english_fa.pdf
https://sdgs.un.org/sites/default/files/vlrs/2022-03/winnipeg_voluntary_local_review_of_progress_2021.pdf,precompute-data/download_vlr_pdfs/downloads/fd23efef/winnipeg_voluntary_local_review_of_progress_2021.pdf
https://sdgs.un.org/sites/default/files/vlrs/2022-04/barcelona_vlr_2021_catalan.pdf,precompute-data/download_vlr_pdfs/downloads/0be6816b/barcelona_vlr_2021_catalan.pdf
https://sdgs.un.org/sites/default/files/vlrs/2022-04/barcelona_vlr_2021_eng.pdf,precompute-data/download_vlr_pdfs/downloads/aa124ff7/barcelona_vlr_2021_eng.pdf
https://sdgs.un.org/sites/default/files/vlrs/2022-04/barcelona_vlr_2021_spanish.pdf,precompute-data/download_vlr_pdfs/downloads/2fc6f871/barcelona_vlr_2021_spanish.pdf
https://sdgs.un.org/sites/default/files/vlrs/2022-04/basque_2030_agenda_monitoring_report.pdf,precompute-data/download_vlr_pdfs/downloads/3e29cae7/basque_2030_agenda_monitoring_report.pdf
https://sdgs.un.org/sites/default/files/vlrs/2022-04/basque_agenda_2030_informe_seguimiento_2021.pdf,precompute-data/download_vlr_pdfs/downloads/83c2bc90/basque_agenda_2030_informe_seguimiento_2021.pdf
https://sdgs.un.org/sites/default/files/vlrs/2022-04/cape_town_vlr_2021.pdf,precompute-data/download_vlr_pdfs/downloads/07fa2b60/cape_town_vlr_2021.pdf
https://sdgs.un.org/sites/default/files/vlrs/2022-04/tokyo_sustainability_action.pdf,precompute-data/download_vlr_pdfs/downloads/0063cd70/tokyo_sustainability_action.pdf
https://sdgs.un.org/sites/default/files/vlrs/2022-05/2021_vlr_stuttgart_a_livable_city.pdf,precompute-data/download_vlr_pdfs/downloads/29062940/2021_vlr_stuttgart_a_livable_city.pdf
https://sdgs.un.org/sites/default/files/vlrs/2022-06/tampere_fi_vlr_city_of_sustainable_action_2022.pdf,precompute-data/download_vlr_pdfs/downloads/a1e7c715/tampere_fi_vlr_city_of_sustainable_action_2022.pdf
https://sdgs.un.org/sites/default/files/vlrs/2022-07/2018_suwon_voluntaryreport_goal11.pdf,precompute-data/download_vlr_pdfs/downloads/093b9241/2018_suwon_voluntaryreport_goal11.pdf
https://sdgs.un.org/sites/default/files/vlrs/2022-07/2020_dangjin_vlr.pdf,precompute-data/download_vlr_pdfs/downloads/cf2cd7ba/2020_dangjin_vlr.pdf
https://sdgs.un.org/sites/default/files/vlrs/2022-07/2021_seodaemun-gu_sustainable_development_report.pdf,precompute-data/download_vlr_pdfs/downloads/1312cca1/2021_seodaemun-gu_sustainable_development_report.pdf
https://sdgs.un.org/sites/default/files/vlrs/2022-07/2021suwonsdgsactionreport_0.pdf,precompute-data/download_vlr_pdfs/downloads/6c39af5d/2021suwonsdgsactionreport_0.pdf
https://sdgs.un.org/sites/default/files/vlrs/2022-07/informe_voluntario_local_cordoba_2022-arg_baja.pdf,precompute-data/download_vlr_pdfs/downloads/a4680f45/informe_voluntario_local_cordoba_2022-arg_baja.pdf
https://sdgs.un.org/sites/default/files/vlrs/2022-07/lombardy_voluntary-local-review-rl-eng-high-quality_english.pdf,precompute-data/download_vlr_pdfs/downloads/9a386545/lombardy_voluntary-local-review-rl-eng-high-quality_english.pdf
https://sdgs.un.org/sites/default/files/vlrs/2022-07/lombardy_voluntary-local-review-rl-ita-high-quality_italian.pdf,precompute-data/download_vlr_pdfs/downloads/ec731ccb/lombardy_voluntary-local-review-rl-ita-high-quality_italian.pdf
https://sdgs.un.org/sites/default/files/vlrs/2022-07/toyota_city_vlr_2022.pdf,precompute-data/download_vlr_pdfs/downloads/5e2f5e8c/toyota_city_vlr_2022.pdf
https://sdgs.un.org/sites/default/files/vlrs/2022-07/vlr_city_of_hanover.pdf,precompute-data/download_vlr_pdfs/downloads/2c1fd8a5/vlr_city_of_hanover.pdf
https://sdgs.un.org/sites/default/files/vlrs/2022-07/vlr_cordoba_2022-arg_baja.pdf,precompute-data/download_vlr_pdfs/downloads/4b956448/vlr_cordoba_2022-arg_baja.pdf
https://sdgs.un.org/sites/default/files/vlrs/2022-08/3_rlv_governo_do_estado_do_para_2022.pdf,precompute-data/download_vlr_pdfs/downloads/e1e02ba6/3_rlv_governo_do_estado_do_para_2022.pdf
https://sdgs.un.org/sites/default/files/vlrs/2022-08/3rd_vlr_state_government_of_para_2022.pdf,precompute-data/download_vlr_pdfs/downloads/a24ffa9e/3rd_vlr_state_government_of_para_2022.pdf
https://sdgs.un.org/sites/default/files/vlrs/2022-08/city_of_kiel_voluntary_local_review_2022.pdf,precompute-data/download_vlr_pdfs/downloads/729b444b/city_of_kiel_voluntary_local_review_2022.pdf
https://sdgs.un.org/sites/default/files/vlrs/2022-08/informe_voluntario_2021.pdf,precompute-data/download_vlr_pdfs/downloads/fcc9f506/informe_voluntario_2021.pdf
https://sdgs.un.org/sites/default/files/vlrs/2022-08/rlv-pereira-final-hq-colombia.pdf,precompute-data/download_vlr_pdfs/downloads/4aae81bf/rlv-pereira-final-hq-colombia.pdf
https://sdgs.un.org/sites/default/files/vlrs/2022-08/rvl_sanjusto_digital.pdf,precompute-data/download_vlr_pdfs/downloads/cbf59bc4/rvl_sanjusto_digital.pdf
https://sdgs.un.org/sites/default/files/vlrs/2022-08/vlr_dusseldorf_2022.pdf,precompute-data/download_vlr_pdfs/downloads/ec68d53a/vlr_dusseldorf_2022.pdf
https://sdgs.un.org/sites/default/files/vlrs/2022-08/vlr_on_the_sdgs-city_council_penang_island.pdf,precompute-data/download_vlr_pdfs/downloads/84173e9d/vlr_on_the_sdgs-city_council_penang_island.pdf
https://sdgs.un.org/sites/default/files/vlrs/2022-08/vlr_santa_fe.pdf,precompute-data/download_vlr_pdfs/downloads/f2f550c6/vlr_santa_fe.pdf
https://sdgs.un.org/sites/default/files/vlrs/2022-10/ba_vlr_2022_english.pdf,precompute-data/download_vlr_pdfs/downloads/21a07794/ba_vlr_2022_english.pdf
https://sdgs.un.org/sites/default/files/vlrs/2022-10/ba_vlr_2022_espanol.pdf,precompute-data/download_vlr_pdfs/downloads/074ff877/ba_vlr_2022_espanol.pdf
https://sdgs.un.org/sites/default/files/vlrs/2022-10/vlr_gladsaxe_2022.pdf,precompute-data/download_vlr_pdfs/downloads/ef5df42b/vlr_gladsaxe_2022.pdf
https://sdgs.un.org/sites/default/files/vlrs/2022-11/barueri-vlr_2022.pdf,precompute-data/download_vlr_pdfs/downloads/55f206af/barueri-vlr_2022.pdf
https://sdgs.un.org/sites/default/files/vlrs/2022-11/barueri_executive_summary.pdf,precompute-data/download_vlr_pdfs/downloads/aef0827d/barueri_executive_summary.pdf
https://sdgs.un.org/sites/default/files/vlrs/2022-11/bristol_vlr_2022.pdf,precompute-data/download_vlr_pdfs/downloads/a68cfc2c/bristol_vlr_2022.pdf
https://sdgs.un.org/sites/default/files/vlrs/2022-11/vlr_bonn_2022.pdf,precompute-data/download_vlr_pdfs/downloads/76dfb4b0/vlr_bonn_2022.pdf
https://sdgs.un.org/sites/default/files/vlrs/2022-12/220929-vlr_amman.pdf,precompute-data/download_vlr_pdfs/downloads/be9f04fd/220929-vlr_amman.pdf
https://sdgs.un.org/sites/default/files/vlrs/2022-12/catamarca.pdf,precompute-data/download_vlr_pdfs/downloads/315f35df/catamarca.pdf
https://sdgs.un.org/sites/default/files/vlrs/2022-12/chaco.pdf,precompute-data/download_vlr_pdfs/downloads/4a506e46/chaco.pdf
https://sdgs.un.org/sites/default/files/vlrs/2022-12/chubut_0.pdf,precompute-data/download_vlr_pdfs/downloads/cbe6e4eb/chubut_0.pdf
https://sdgs.un.org/sites/default/files/vlrs/2022-12/corrientes.pdf,precompute-data/download_vlr_pdfs/downloads/f5cd0397/corrientes.pdf
https://sdgs.un.org/sites/default/files/vlrs/2022-12/digital_rlv_mixco_reduced.pdf,precompute-data/download_vlr_pdfs/downloads/10010b5c/digital_rlv_mixco_reduced.pdf
https://sdgs.un.org/sites/default/files/vlrs/2022-12/entre_rios.pdf,precompute-data/download_vlr_pdfs/downloads/a0550d41/entre_rios.pdf
https://sdgs.un.org/sites/default/files/vlrs/2022-12/la_pampa.pdf,precompute-data/download_vlr_pdfs/downloads/b428d5cb/la_pampa.pdf
https://sdgs.un.org/sites/default/files/vlrs/2022-12/la_rioja.pdf,precompute-data/download_vlr_pdfs/downloads/446cc8b9/la_rioja.pdf
https://sdgs.un.org/sites/default/files/vlrs/2022-12/misiones.pdf,precompute-data/download_vlr_pdfs/downloads/2aaa6e41/misiones.pdf
https://sdgs.un.org/sites/default/files/vlrs/2022-12/municipio_de_bragado.pdf,precompute-data/download_vlr_pdfs/downloads/43a6aa78/municipio_de_bragado.pdf
https://sdgs.un.org/sites/default/files/vlrs/2022-12/municipio_de_partido_de_la_costa.pdf,precompute-data/download_vlr_pdfs/downloads/cf6f7b57/municipio_de_partido_de_la_costa.pdf
https://sdgs.un.org/sites/default/files/vlrs/2022-12/municipio_de_rio_grande.pdf,precompute-data/download_vlr_pdfs/downloads/4eb8a63b/municipio_de_rio_grande.pdf
https://sdgs.un.org/sites/default/files/vlrs/2022-12/municipio_de_san_justo.pdf,precompute-data/download_vlr_pdfs/downloads/ac50d71d/municipio_de_san_justo.pdf
https://sdgs.un.org/sites/default/files/vlrs/2022-12/municipio_de_santa_fe.pdf,precompute-data/download_vlr_pdfs/downloads/df774cf2/municipio_de_santa_fe.pdf
https://sdgs.un.org/sites/default/files/vlrs/2022-12/municipio_de_villa_maria.pdf,precompute-data/download_vlr_pdfs/downloads/486a4c91/municipio_de_villa_maria.pdf
https://sdgs.un.org/sites/default/files/vlrs/2022-12/municipio_de_yerba_buena-tucuman.pdf,precompute-data/download_vlr_pdfs/downloads/b43b4170/municipio_de_yerba_buena-tucuman.pdf
https://sdgs.un.org/sites/default/files/vlrs/2022-12/neuquen.pdf,precompute-data/download_vlr_pdfs/downloads/d6e7fee4/neuquen.pdf
https://sdgs.un.org/sites/default/files/vlrs/2022-12/san_juan_1.pdf,precompute-data/download_vlr_pdfs/downloads/7de1f417/san_juan_1.pdf
https://sdgs.un.org/sites/default/files/vlrs/2022-12/santafe.pdf,precompute-data/download_vlr_pdfs/downloads/43dd8913/santafe.pdf
https://sdgs.un.org/sites/default/files/vlrs/2022-12/sao-paulo-executive_summary_ii_sdg_report.pdf,precompute-data/download_vlr_pdfs/downloads/bd2985c8/sao-paulo-executive_summary_ii_sdg_report.pdf
https://sdgs.un.org/sites/default/files/vlrs/2022-12/tierradelfuego.pdf,precompute-data/download_vlr_pdfs/downloads/1a4a6d0b/tierradelfuego.pdf
https://sdgs.un.org/sites/default/files/vlrs/2022-12/tucuman.pdf,precompute-data/download_vlr_pdfs/downloads/300d985f/tucuman.pdf
https://sdgs.un.org/sites/default/files/vlrs/2022-12/vlr_amsterdam.pdf,precompute-data/download_vlr_pdfs/downloads/8537c5ee/vlr_amsterdam.pdf
https://sdgs.un.org/sites/default/files/vlrs/2023-01/informeprovinciadesalta.pdf,precompute-data/download_vlr_pdfs/downloads/05a81673/informeprovinciadesalta.pdf
https://sdgs.un.org/sites/default/files/vlrs/2023-01/sdcc_dki_jakarta_vlr.pdf,precompute-data/download_vlr_pdfs/downloads/9df51f04/sdcc_dki_jakarta_vlr.pdf
https://sdgs.un.org/sites/default/files/vlrs/2023-02/vlr-relatorio_ods_casa_civil_0.pdf,precompute-data/download_vlr_pdfs/downloads/07227b9e/vlr-relatorio_ods_casa_civil_0.pdf
https://sdgs.un.org/sites/default/files/vlrs/2023-04/barcelona_anual_monitoring_report_2030_agenda_vlr_2022_eng.pdf,precompute-data/download_vlr_pdfs/downloads/21d5c6fe/barcelona_anual_monitoring_report_2030_agenda_vlr_2022_eng.pdf
https://sdgs.un.org/sites/default/files/vlrs/2023-04/barcelona_informe_anual_seguiment_agenda_2030_vlr2022_cat.pdf,precompute-data/download_vlr_pdfs/downloads/35c36a40/barcelona_informe_anual_seguiment_agenda_2030_vlr2022_cat.pdf
https://sdgs.un.org/sites/default/files/vlrs/2023-04/barcelona_informe_anual_seguimiento_agenda2030_vlr2022_esp.pdf,precompute-data/download_vlr_pdfs/downloads/d4c7dad7/barcelona_informe_anual_seguimiento_agenda2030_vlr2022_esp.pdf
https://sdgs.un.org/sites/default/files/vlrs/2023-04/bolivia_el_alto_2022_es.pdf,precompute-data/download_vlr_pdfs/downloads/ee752765/bolivia_el_alto_2022_es.pdf
https://sdgs.un.org/sites/default/files/vlrs/2023-04/bolivia_la_paz_2022_es.pdf,precompute-data/download_vlr_pdfs/downloads/cb65e7dd/bolivia_la_paz_2022_es.pdf
https://sdgs.un.org/sites/default/files/vlrs/2023-04/bolivia_santa_cruz_de_la_sierra_2022_es-2.pdf,precompute-data/download_vlr_pdfs/downloads/7077c181/bolivia_santa_cruz_de_la_sierra_2022_es-2.pdf
https://sdgs.un.org/sites/default/files/vlrs/2023-04/braga_vlr_2019.pdf,precompute-data/download_vlr_pdfs/downloads/f4a3284a/braga_vlr_2019.pdf
https://sdgs.un.org/sites/default/files/vlrs/2023-04/braga_vlr_executive_summmary.pdf,precompute-data/download_vlr_pdfs/downloads/9931cec1/braga_vlr_executive_summmary.pdf
https://sdgs.un.org/sites/default/files/vlrs/2023-04/filadelfia_ods_02-03-23_v03.pdf,precompute-data/download_vlr_pdfs/downloads/eef79054/filadelfia_ods_02-03-23_v03.pdf
https://sdgs.un.org/sites/default/files/vlrs/2023-04/vlr_dortmund_2022_digital_0.pdf,precompute-data/download_vlr_pdfs/downloads/30b3bd93/vlr_dortmund_2022_digital_0.pdf
https://sdgs.un.org/sites/default/files/vlrs/2023-05/6_informe_voluntario_de_seguimiento_agenda_2030_euskadi.pdf,precompute-data/download_vlr_pdfs/downloads/77fa2b8e/6_informe_voluntario_de_seguimiento_agenda_2030_euskadi.pdf
https://sdgs.un.org/sites/default/files/vlrs/2023-05/6th_monitoring_report_2030_agenda_basque_country.pdf,precompute-data/download_vlr_pdfs/downloads/209f3203/6th_monitoring_report_2030_agenda_basque_country.pdf
https://sdgs.un.org/sites/default/files/vlrs/2023-05/lvrmontevideoods2022vf1.pdf,precompute-data/download_vlr_pdfs/downloads/36f17482/lvrmontevideoods2022vf1.pdf
https://sdgs.un.org/sites/default/files/vlrs/2023-05/vlr_oaxaca_2022.pdf,precompute-data/download_vlr_pdfs/downloads/e076d690/vlr_oaxaca_2022.pdf
https://sdgs.un.org/sites/default/files/vlrs/2023-05/vlr_of_city_of_yangzhou.pdf,precompute-data/download_vlr_pdfs/downloads/6aa7f3e7/vlr_of_city_of_yangzhou.pdf
https://sdgs.un.org/sites/default/files/vlrs/2023-06/helsinki-from-agenda-to-action-2023.pdf,precompute-data/download_vlr_pdfs/downloads/b5d6cf34/helsinki-from-agenda-to-action-2023.pdf
https://sdgs.un.org/sites/default/files/vlrs/2023-06/isv_2023_tizayuca.pdf,precompute-data/download_vlr_pdfs/downloads/d501bd13/isv_2023_tizayuca.pdf
https://sdgs.un.org/sites/default/files/vlrs/2023-06/londons_progress_towards_the_un_sdgs.pdf,precompute-data/download_vlr_pdfs/downloads/2475bc12/londons_progress_towards_the_un_sdgs.pdf
https://sdgs.un.org/sites/default/files/vlrs/2023-06/vlr2022_cascais_portugal.pdf,precompute-data/download_vlr_pdfs/downloads/0655366b/vlr2022_cascais_portugal.pdf
https://sdgs.un.org/sites/default/files/vlrs/2023-06/vlr_buenos_aires_2021.pdf,precompute-data/download_vlr_pdfs/downloads/e85e693d/vlr_buenos_aires_2021.pdf
https://sdgs.un.org/sites/default/files/vlrs/2023-06/vlr_buenos_aires_2021_sp.pdf,precompute-data/download_vlr_pdfs/downloads/47f57c82/vlr_buenos_aires_2021_sp.pdf
https://sdgs.un.org/sites/default/files/vlrs/2023-06/vlr_melbourne.pdf,precompute-data/download_vlr_pdfs/downloads/244a6a7c/vlr_melbourne.pdf
https://sdgs.un.org/sites/default/files/vlrs/2023-08/alor_gajah_vlr.pdf,precompute-data/download_vlr_pdfs/downloads/5d080aec/alor_gajah_vlr.pdf
https://sdgs.un.org/sites/default/files/vlrs/2023-08/buenosairesvlr2023_eng.pdf,precompute-data/download_vlr_pdfs/downloads/c21ab66c/buenosairesvlr2023_eng.pdf
https://sdgs.un.org/sites/default/files/vlrs/2023-08/buenosairesvlr2023_spa.pdf,precompute-data/download_vlr_pdfs/downloads/4cc01232/buenosairesvlr2023_spa.pdf
https://sdgs.un.org/sites/default/files/vlrs/2023-08/hawaii_vlr_2023.pdf,precompute-data/download_vlr_pdfs/downloads/c25ae684/hawaii_vlr_2023.pdf
https://sdgs.un.org/sites/default/files/vlrs/2023-08/mafra_vlr_ods_en.pdf,precompute-data/download_vlr_pdfs/downloads/1c6c013c/mafra_vlr_ods_en.pdf
https://sdgs.un.org/sites/default/files/vlrs/2023-08/puebla_informe_sub_voluntario.pdf,precompute-data/download_vlr_pdfs/downloads/33cd5692/puebla_informe_sub_voluntario.pdf
https://sdgs.un.org/sites/default/files/vlrs/2023-08/sepang_vlr_2023.pdf,precompute-data/download_vlr_pdfs/downloads/734649b5/sepang_vlr_2023.pdf
https://sdgs.un.org/sites/default/files/vlrs/2023-08/tokyo_sustainability_action_2023.pdf,precompute-data/download_vlr_pdfs/downloads/bc3e6b1c/tokyo_sustainability_action_2023.pdf
https://sdgs.un.org/sites/default/files/vlrs/2023-08/vlr_francisco_morato_eng.pdf,precompute-data/download_vlr_pdfs/downloads/8027e83a/vlr_francisco_morato_eng.pdf
https://sdgs.un.org/sites/default/files/vlrs/2023-08/vlr_francisco_morato_port.pdf,precompute-data/download_vlr_pdfs/downloads/c3c34502/vlr_francisco_morato_port.pdf
https://sdgs.un.org/sites/default/files/vlrs/2023-08/vlr_francisco_morato_spa.pdf,precompute-data/download_vlr_pdfs/downloads/e92b595f/vlr_francisco_morato_spa.pdf
https://sdgs.un.org/sites/default/files/vlrs/2023-08/vlr_ghent_2022.pdf,precompute-data/download_vlr_pdfs/downloads/67660adc/vlr_ghent_2022.pdf
https://sdgs.un.org/sites/default/files/vlrs/2023-08/vlr_kuala_lumpur.pdf,precompute-data/download_vlr_pdfs/downloads/68b4485b/vlr_kuala_lumpur.pdf
https://sdgs.un.org/sites/default/files/vlrs/2023-08/vlr_mwanza.pdf,precompute-data/download_vlr_pdfs/downloads/8fd89113/vlr_mwanza.pdf
https://sdgs.un.org/sites/default/files/vlrs/2023-08/vsr_selangor.pdf,precompute-data/download_vlr_pdfs/downloads/07113980/vsr_selangor.pdf
https://sdgs.un.org/sites/default/files/vlrs/2023-10/matosinhos_vlr.pdf,precompute-data/download_vlr_pdfs/downloads/a0650d6a/matosinhos_vlr.pdf
https://sdgs.un.org/sites/default/files/vlrs/2023-10/melaka-vlr2022.pdf,precompute-data/download_vlr_pdfs/downloads/036a8133/melaka-vlr2022.pdf
https://sdgs.un.org/sites/default/files/vlrs/2023-10/montevideo_tercer_informe_local_voluntario_ods-2023.pdf,precompute-data/download_vlr_pdfs/downloads/95782e30/montevideo_tercer_informe_local_voluntario_ods-2023.pdf
https://sdgs.un.org/sites/default/files/vlrs/2023-10/sustainable_vantaa_belongs_to_everyone_2023.pdf,precompute-data/download_vlr_pdfs/downloads/18602103/sustainable_vantaa_belongs_to_everyone_2023.pdf
https://sdgs.un.org/sites/default/files/vlrs/2023-11/eng_vlr_16_municipalities.pdf,precompute-data/download_vlr_pdfs/downloads/f1e67b49/eng_vlr_16_municipalities.pdf
https://sdgs.un.org/sites/default/files/vlrs/2023-11/rlv_relatorio_final_10.12.2020_0.pdf,precompute-data/download_vlr_pdfs/downloads/9de1c960/rlv_relatorio_final_10.12.2020_0.pdf
https://sdgs.un.org/sites/default/files/vlrs/2024-01/agadir_vlr-english.pdf,precompute-data/download_vlr_pdfs/downloads/8bf99ee2/agadir_vlr-english.pdf
https://sdgs.un.org/sites/default/files/vlrs/2024-01/agadir_vlr-french.pdf,precompute-data/download_vlr_pdfs/downloads/3b7617ad/agadir_vlr-french.pdf
https://sdgs.un.org/sites/default/files/vlrs/2024-01/brisbane_2023_en.pdf,precompute-data/download_vlr_pdfs/downloads/2c3a3c57/brisbane_2023_en.pdf
https://sdgs.un.org/sites/default/files/vlrs/2024-01/mexicostate-vlr-2023.pdf,precompute-data/download_vlr_pdfs/downloads/94694172/mexicostate-vlr-2023.pdf
https://sdgs.un.org/sites/default/files/vlrs/2024-02/agios_dimitrios_vlr_2023.pdf,precompute-data/download_vlr_pdfs/downloads/7f92b94a/agios_dimitrios_vlr_2023.pdf
https://sdgs.un.org/sites/default/files/vlrs/2024-02/beheira_executive_summary.pdf,precompute-data/download_vlr_pdfs/downloads/ea90725d/beheira_executive_summary.pdf
https://sdgs.un.org/sites/default/files/vlrs/2024-02/executive_summary_of_bergens_vlr.pdf,precompute-data/download_vlr_pdfs/downloads/ff530c86/executive_summary_of_bergens_vlr.pdf
https://sdgs.un.org/sites/default/files/vlrs/2024-02/fayoum_executive_summary.pdf,precompute-data/download_vlr_pdfs/downloads/7e8c470a/fayoum_executive_summary.pdf
https://sdgs.un.org/sites/default/files/vlrs/2024-02/fayoum_vlr.pdf,precompute-data/download_vlr_pdfs/downloads/cdbbc5bd/fayoum_vlr.pdf
https://sdgs.un.org/sites/default/files/vlrs/2024-02/lviv_vlr_eng.pdf,precompute-data/download_vlr_pdfs/downloads/275d5604/lviv_vlr_eng.pdf
https://sdgs.un.org/sites/default/files/vlrs/2024-02/lviv_vlr_ukr.pdf,precompute-data/download_vlr_pdfs/downloads/8ae70e84/lviv_vlr_ukr.pdf
https://sdgs.un.org/sites/default/files/vlrs/2024-02/para_relatorioods_2023_br.pdf,precompute-data/download_vlr_pdfs/downloads/002a7991/para_relatorioods_2023_br.pdf
https://sdgs.un.org/sites/default/files/vlrs/2024-02/para_reviewsdg_2023_en.pdf,precompute-data/download_vlr_pdfs/downloads/b1905e0e/para_reviewsdg_2023_en.pdf
https://sdgs.un.org/sites/default/files/vlrs/2024-02/part1-status_for_bergen.pdf,precompute-data/download_vlr_pdfs/downloads/d9e1b77c/part1-status_for_bergen.pdf
https://sdgs.un.org/sites/default/files/vlrs/2024-02/part2-status_for_bergen.pdf,precompute-data/download_vlr_pdfs/downloads/9e9d66e9/part2-status_for_bergen.pdf
https://sdgs.un.org/sites/default/files/vlrs/2024-02/part3-status_for_bergen.pdf,precompute-data/download_vlr_pdfs/downloads/6e94dad3/part3-status_for_bergen.pdf
https://sdgs.un.org/sites/default/files/vlrs/2024-02/port_said_executive_summary.pdf,precompute-data/download_vlr_pdfs/downloads/a7122463/port_said_executive_summary.pdf
https://sdgs.un.org/sites/default/files/vlrs/2024-02/vlr_joensuu_finland.pdf,precompute-data/download_vlr_pdfs/downloads/2d08db85/vlr_joensuu_finland.pdf
https://sdgs.un.org/sites/default/files/vlrs/2024-02/vlr_joensuu_report_summary_final.pdf,precompute-data/download_vlr_pdfs/downloads/7f63b0f3/vlr_joensuu_report_summary_final.pdf
https://sdgs.un.org/sites/default/files/vlrs/2024-04/coronel_oviedo_odm_resiliente.pdf,precompute-data/download_vlr_pdfs/downloads/3f7e3813/coronel_oviedo_odm_resiliente.pdf
https://sdgs.un.org/sites/default/files/vlrs/2024-04/ilv_cordoba_2023_0.pdf,precompute-data/download_vlr_pdfs/downloads/0404b9c8/ilv_cordoba_2023_0.pdf
https://sdgs.un.org/sites/default/files/vlrs/2024-04/ilv_queretaro_2023.pdf,precompute-data/download_vlr_pdfs/downloads/781ff617/ilv_queretaro_2023.pdf
https://sdgs.un.org/sites/default/files/vlrs/2024-04/ilv_sf_rincon_2023.pdf,precompute-data/download_vlr_pdfs/downloads/732f01b6/ilv_sf_rincon_2023.pdf
https://sdgs.un.org/sites/default/files/vlrs/2024-04/informe-voluntario-local-provincia-de-cordoba-2023_arg.pdf,precompute-data/download_vlr_pdfs/downloads/4e5d8993/informe-voluntario-local-provincia-de-cordoba-2023_arg.pdf
https://sdgs.un.org/sites/default/files/vlrs/2024-04/vlr_kibaha.pdf,precompute-data/download_vlr_pdfs/downloads/4a898cda/vlr_kibaha.pdf
https://sdgs.un.org/sites/default/files/vlrs/2024-05/2022_shanghai_vlr_china_r.pdf,precompute-data/download_vlr_pdfs/downloads/6268a76b/2022_shanghai_vlr_china_r.pdf
https://sdgs.un.org/sites/default/files/vlrs/2024-05/7_informe_seguimiento_2023_agenda_2030_cast_web.pdf,precompute-data/download_vlr_pdfs/downloads/3929d847/7_informe_seguimiento_2023_agenda_2030_cast_web.pdf
https://sdgs.un.org/sites/default/files/vlrs/2024-05/7_jarraipen_txostena_2023_agenda_2030_eusk.pdf,precompute-data/download_vlr_pdfs/downloads/32485dcf/7_jarraipen_txostena_2023_agenda_2030_eusk.pdf
https://sdgs.un.org/sites/default/files/vlrs/2024-05/7th_monitoring_report_2023_agenda_2030_engl.pdf,precompute-data/download_vlr_pdfs/downloads/75e1b9d6/7th_monitoring_report_2023_agenda_2030_engl.pdf
https://sdgs.un.org/sites/default/files/vlrs/2024-05/ilv_chiapas_2023.pdf,precompute-data/download_vlr_pdfs/downloads/34e37123/ilv_chiapas_2023.pdf
https://sdgs.un.org/sites/default/files/vlrs/2024-05/rlv_ennour_2024_0.pdf,precompute-data/download_vlr_pdfs/downloads/6a4447fe/rlv_ennour_2024_0.pdf
https://sdgs.un.org/sites/default/files/vlrs/2024-06/2022_canelones_vlr.pdf,precompute-data/download_vlr_pdfs/downloads/da8c8736/2022_canelones_vlr.pdf
https://sdgs.un.org/sites/default/files/vlrs/2024-06/2022_cordoba_vlr.pdf,precompute-data/download_vlr_pdfs/downloads/017ad9c3/2022_cordoba_vlr.pdf
https://sdgs.un.org/sites/default/files/vlrs/2024-06/2022_istanbul_vlr.pdf,precompute-data/download_vlr_pdfs/downloads/4af327a9/2022_istanbul_vlr.pdf
https://sdgs.un.org/sites/default/files/vlrs/2024-06/2022_quintana_roo_vlr.pdf,precompute-data/download_vlr_pdfs/downloads/ad78d31d/2022_quintana_roo_vlr.pdf
https://sdgs.un.org/sites/default/files/vlrs/2024-06/2022_tekax_vlr.pdf,precompute-data/download_vlr_pdfs/downloads/33518f8b/2022_tekax_vlr.pdf
https://sdgs.un.org/sites/default/files/vlrs/2024-06/2023_freiburg_vlr.pdf,precompute-data/download_vlr_pdfs/downloads/0fea8923/2023_freiburg_vlr.pdf
https://sdgs.un.org/sites/default/files/vlrs/2024-06/2023_hamburg_vlr_report_german.pdf,precompute-data/download_vlr_pdfs/downloads/b2f9b6d0/2023_hamburg_vlr_report_german.pdf
https://sdgs.un.org/sites/default/files/vlrs/2024-06/2023_hamburg_vlr_summary_german.pdf,precompute-data/download_vlr_pdfs/downloads/d280c5de/2023_hamburg_vlr_summary_german.pdf
https://sdgs.un.org/sites/default/files/vlrs/2024-06/ilv_vf_queretaro_2024.pdf,precompute-data/download_vlr_pdfs/downloads/7805be2d/ilv_vf_queretaro_2024.pdf
https://sdgs.un.org/sites/default/files/vlrs/2024-06/voluntary_local_review_aland_2024.pdf,precompute-data/download_vlr_pdfs/downloads/f941570e/voluntary_local_review_aland_2024.pdf
https://sdgs.un.org/sites/default/files/vlrs/2024-07/vlr_almaty_2023.pdf,precompute-data/download_vlr_pdfs/downloads/f4659add/vlr_almaty_2023.pdf
https://sdgs.un.org/sites/default/files/vlrs/2024-07/vlr_jambi_city_2023.pdf,precompute-data/download_vlr_pdfs/downloads/fae6bc12/vlr_jambi_city_2023.pdf
https://sdgs.un.org/sites/default/files/vlrs/2024-07/vlr_sado_city_2024.pdf,precompute-data/download_vlr_pdfs/downloads/d75898d9/vlr_sado_city_2024.pdf
https://sdgs.un.org/sites/default/files/vlrs/2024-07/voluntary_local_review_montevideo_2024_uruguay.pdf,precompute-data/download_vlr_pdfs/downloads/35159213/voluntary_local_review_montevideo_2024_uruguay.pdf
https://sdgs.un.org/sites/default/files/vlrs/2024-07/voluntary_local_review_tierp_2024.pdf,precompute-data/download_vlr_pdfs/downloads/9b77265b/voluntary_local_review_tierp_2024.pdf
https://sdgs.un.org/sites/default/files/vlrs/2024-07/voluntary_subnational_review_nordic_region_2024_0.pdf,precompute-data/download_vlr_pdfs/downloads/ac4e84d5/voluntary_subnational_review_nordic_region_2024_0.pdf
https://sdgs.un.org/sites/default/files/vlrs/2024-08/informe_local_voluntario_ocoyoacac._edomex.pdf,precompute-data/download_vlr_pdfs/downloads/913aff4c/informe_local_voluntario_ocoyoacac._edomex.pdf
https://sdgs.un.org/sites/default/files/vlrs/2024-08/informe_local_voluntario_santa_maria_del_oro.pdf,precompute-data/download_vlr_pdfs/downloads/4e0e75a9/informe_local_voluntario_santa_maria_del_oro.pdf
https://sdgs.un.org/sites/default/files/vlrs/2024-08/informesubnacionalvoluntario2024_v7.pdf,precompute-data/download_vlr_pdfs/downloads/88ad478d/informesubnacionalvoluntario2024_v7.pdf
https://sdgs.un.org/sites/default/files/vlrs/2024-08/revision_local_voluntaria_gobierno_municipal_de_zapopan.pdf,precompute-data/download_vlr_pdfs/downloads/fd8ed5f6/revision_local_voluntaria_gobierno_municipal_de_zapopan.pdf
https://sdgs.un.org/sites/default/files/vlrs/2024-09/buffalo_city_metro_municipality_vlr_report_2024_0.pdf,precompute-data/download_vlr_pdfs/downloads/fe8f4add/buffalo_city_metro_municipality_vlr_report_2024_0.pdf
https://sdgs.un.org/sites/default/files/vlrs/2024-09/city_of_tshwane_vlr_report_2024.pdf,precompute-data/download_vlr_pdfs/downloads/0f4f6f4b/city_of_tshwane_vlr_report_2024.pdf
https://sdgs.un.org/sites/default/files/vlrs/2024-09/informe_local_voluntario_ilv_ods_campo_aceval_2023.pdf,precompute-data/download_vlr_pdfs/downloads/6e8a7312/informe_local_voluntario_ilv_ods_campo_aceval_2023.pdf
https://sdgs.un.org/sites/default/files/vlrs/2024-09/koukamma_local_municipality_vlr_report_2024.pdf,precompute-data/download_vlr_pdfs/downloads/df488dcc/koukamma_local_municipality_vlr_report_2024.pdf
https://sdgs.un.org/sites/default/files/vlrs/2024-09/maringa_relatorio_local_voluntario.pdf,precompute-data/download_vlr_pdfs/downloads/58b2d353/maringa_relatorio_local_voluntario.pdf
https://sdgs.un.org/sites/default/files/vlrs/2024-09/maringa_voluntary_local_review.pdf,precompute-data/download_vlr_pdfs/downloads/6dad6190/maringa_voluntary_local_review.pdf
https://sdgs.un.org/sites/default/files/vlrs/2024-09/mogale_city_local_municipality_vlr_report_2024_0.pdf,precompute-data/download_vlr_pdfs/downloads/c4f910c4/mogale_city_local_municipality_vlr_report_2024_0.pdf
https://sdgs.un.org/sites/default/files/vlrs/2024-09/mossel_bay_local_municipality_vlr_report_2024.pdf,precompute-data/download_vlr_pdfs/downloads/b3ae1329/mossel_bay_local_municipality_vlr_report_2024.pdf
https://sdgs.un.org/sites/default/files/vlrs/2024-09/primer_informe_local_voluntario_fram_2023.pdf,precompute-data/download_vlr_pdfs/downloads/c85b70a5/primer_informe_local_voluntario_fram_2023.pdf
https://sdgs.un.org/sites/default/files/vlrs/2024-09/rustenburg_local_municipality_vlr_report_2024.pdf,precompute-data/download_vlr_pdfs/downloads/c166dc57/rustenburg_local_municipality_vlr_report_2024.pdf
https://sdgs.un.org/sites/default/files/vlrs/2024-09/umhlathuze_local_municipality_vlr_report_2024.pdf,precompute-data/download_vlr_pdfs/downloads/cb506808/umhlathuze_local_municipality_vlr_report_2024.pdf
https://sdgs.un.org/sites/default/files/vlrs/2024-09/voluntary_local_review_sdgs_jawa_barat_indonesian.pdf,precompute-data/download_vlr_pdfs/downloads/94f56910/voluntary_local_review_sdgs_jawa_barat_indonesian.pdf
https://sdgs.un.org/sites/default/files/vlrs/2024-09/voluntary_subnational_review_norway.pdf,precompute-data/download_vlr_pdfs/downloads/64824c89/voluntary_subnational_review_norway.pdf
https://sdgs.un.org/sites/default/files/vlrs/2024-09/west_java_sdgs_voluntary_local_review_english.pdf,precompute-data/download_vlr_pdfs/downloads/154bc6f0/west_java_sdgs_voluntary_local_review_english.pdf
https://sustainabledevelopment.un.org/content/documents/10446Executive%20Summary%20Review_ROK.pdf,precompute-data/download_vlr_pdfs/downloads/dd01adba/10446Executive%20Summary%20Review_ROK.pdf
https://sustainabledevelopment.un.org/content/documents/10611Finland_VNR.pdf,precompute-data/download_vlr_pdfs/downloads/a67c8504/10611Finland_VNR.pdf
https://sustainabledevelopment.un.org/content/documents/10686HLPF-Bericht_final_EN.pdf,precompute-data/download_vlr_pdfs/downloads/83016fe4/10686HLPF-Bericht_final_EN.pdf
https://sustainabledevelopment.un.org/content/documents/10692NORWAY%20HLPF%20REPORT%20-%20full%20version.pdf,precompute-data/download_vlr_pdfs/downloads/8f93577d/10692NORWAY%20HLPF%20REPORT%20-%20full%20version.pdf
https://sustainabledevelopment.un.org/content/documents/10729Rapport%20ODD%20France.pdf,precompute-data/download_vlr_pdfs/downloads/29617750/10729Rapport%20ODD%20France.pdf
https://sustainabledevelopment.un.org/content/documents/12644VNR%20Colombia.pdf,precompute-data/download_vlr_pdfs/downloads/405994ec/12644VNR%20Colombia.pdf
https://sustainabledevelopment.un.org/content/documents/15070Argentina(Spanish)officialsubmission.pdf,precompute-data/download_vlr_pdfs/downloads/e5f98649/15070Argentina(Spanish)officialsubmission.pdf
https://sustainabledevelopment.un.org/content/documents/15705Indonesia.pdf,precompute-data/download_vlr_pdfs/downloads/1e6af6d5/15705Indonesia.pdf
https://sustainabledevelopment.un.org/content/documents/15801Brazil_Portuguese.pdf,precompute-data/download_vlr_pdfs/downloads/209e81a5/15801Brazil_Portuguese.pdf
https://sustainabledevelopment.un.org/content/documents/16013Denmark.pdf,precompute-data/download_vlr_pdfs/downloads/7fee77df/16013Denmark.pdf
https://sustainabledevelopment.un.org/content/documents/16109Netherlands.pdf,precompute-data/download_vlr_pdfs/downloads/ca4f0faf/16109Netherlands.pdf
https://sustainabledevelopment.un.org/content/documents/16117Argentina.pdf,precompute-data/download_vlr_pdfs/downloads/2ec43f16/16117Argentina.pdf
https://sustainabledevelopment.un.org/content/documents/16289Jordan.pdf,precompute-data/download_vlr_pdfs/downloads/32bad308/16289Jordan.pdf
https://sustainabledevelopment.un.org/content/documents/16341Italy.pdf,precompute-data/download_vlr_pdfs/downloads/abf89328/16341Italy.pdf
https://sustainabledevelopment.un.org/content/documents/16626Guatemala.pdf,precompute-data/download_vlr_pdfs/downloads/e8e71490/16626Guatemala.pdf
https://sustainabledevelopment.un.org/content/documents/19877IVN_ODS_PY_2018_book_Final.pdf,precompute-data/download_vlr_pdfs/downloads/acf7ceea/19877IVN_ODS_PY_2018_book_Final.pdf
https://sustainabledevelopment.un.org/content/documents/20125INFORME_NACIONAL_VOLUNTARIO_060718.pdf,precompute-data/download_vlr_pdfs/downloads/4ebb1828/20125INFORME_NACIONAL_VOLUNTARIO_060718.pdf
https://sustainabledevelopment.un.org/content/documents/20257ALBANIA_VNR_2018_FINAL2.pdf,precompute-data/download_vlr_pdfs/downloads/9470d625/20257ALBANIA_VNR_2018_FINAL2.pdf
https://sustainabledevelopment.un.org/content/documents/20312Canada_ENGLISH_18122_Canadas_Voluntary_National_ReviewENv7.pdf,precompute-data/download_vlr_pdfs/downloads/08c99d0d/20312Canada_ENGLISH_18122_Canadas_Voluntary_National_ReviewENv7.pdf
https://sustainabledevelopment.un.org/content/documents/203295182018_VNR_Report_Spain_EN_ddghpbrgsp.pdf,precompute-data/download_vlr_pdfs/downloads/85e1ec04/203295182018_VNR_Report_Spain_EN_ddghpbrgsp.pdf
https://sustainabledevelopment.un.org/content/documents/20338RNV_Versio769n_revisada_31.07.18.pdf,precompute-data/download_vlr_pdfs/downloads/83723277/20338RNV_Versio769n_revisada_31.07.18.pdf
https://sustainabledevelopment.un.org/content/documents/20470VNR_final_approved_version.pdf,precompute-data/download_vlr_pdfs/downloads/9098ecb5/20470VNR_final_approved_version.pdf
https://sustainabledevelopment.un.org/content/documents/23366Voluntary_National_Review_2019_Philippines.pdf,precompute-data/download_vlr_pdfs/downloads/8cdd10c6/23366Voluntary_National_Review_2019_Philippines.pdf
https://sustainabledevelopment.un.org/content/documents/23402RSA_Voluntary_National_Review_Report___The_Final_24_July_2019.pdf,precompute-data/download_vlr_pdfs/downloads/4eaf9344/23402RSA_Voluntary_National_Review_Report___The_Final_24_July_2019.pdf
https://sustainabledevelopment.un.org/content/documents/23678UK_12072019_UK_Voluntary_National_Review_2019.pdf,precompute-data/download_vlr_pdfs/downloads/70d3e0ec/23678UK_12072019_UK_Voluntary_National_Review_2019.pdf
https://sustainabledevelopment.un.org/content/documents/2380320190708_Final_VNR_2019_Indonesia_Rev3.pdf,precompute-data/download_vlr_pdfs/downloads/81d72703/2380320190708_Final_VNR_2019_Indonesia_Rev3.pdf
https://sustainabledevelopment.un.org/content/documents/24309Informe_Nacional_Voluntario__Uruguay_2019.pdf,precompute-data/download_vlr_pdfs/downloads/4e190be9/24309Informe_Nacional_Voluntario__Uruguay_2019.pdf
https://sustainabledevelopment.un.org/content/documents/25008REVISIN_NACIONAL_COMPLETA.pdf,precompute-data/download_vlr_pdfs/downloads/335ba64f/25008REVISIN_NACIONAL_COMPLETA.pdf
https://sustainabledevelopment.un.org/content/documents/26265VNR_Report_Finland_2020.pdf,precompute-data/download_vlr_pdfs/downloads/b108aadb/26265VNR_Report_Finland_2020.pdf
https://sustainabledevelopment.un.org/content/documents/26326VNR_2020_Peru_Report_Spanish.pdf,precompute-data/download_vlr_pdfs/downloads/408286f0/26326VNR_2020_Peru_Report_Spanish.pdf
https://sustainabledevelopment.un.org/content/documents/26386VNR_2020_Argentina_Report_Spanish.pdf,precompute-data/download_vlr_pdfs/downloads/5c6ac899/26386VNR_2020_Argentina_Report_Spanish.pdf
https://sustainabledevelopment.un.org/content/documents/279422021_VNR_Report_Spain.pdf,precompute-data/download_vlr_pdfs/downloads/555df817/279422021_VNR_Report_Spain.pdf
https://sustainabledevelopment.un.org/content/documents/279532021_VNR_Report_Denmark.pdf,precompute-data/download_vlr_pdfs/downloads/81a5944b/279532021_VNR_Report_Denmark.pdf
https://sustainabledevelopment.un.org/content/documents/279582021_VNR_Report_Sweden.pdf,precompute-data/download_vlr_pdfs/downloads/1a133610/279582021_VNR_Report_Sweden.pdf
https://sustainabledevelopment.un.org/content/documents/280812021_VNR_Report_China_English.pdf,precompute-data/download_vlr_pdfs/downloads/28583ca3/280812021_VNR_Report_China_English.pdf
https://sustainabledevelopment.un.org/content/documents/280842021_VNR_Report_China_Chinese.pdf,precompute-data/download_vlr_pdfs/downloads/5ab33b26/280842021_VNR_Report_China_Chinese.pdf
https://sustainabledevelopment.un.org/content/documents/280892021_VNR_Report_Indonesia.pdf,precompute-data/download_vlr_pdfs/downloads/1638f143/280892021_VNR_Report_Indonesia.pdf
https://sustainabledevelopment.un.org/content/documents/28230Bolivias_VNR_Report.pdf,precompute-data/download_vlr_pdfs/downloads/f13b1867/28230Bolivias_VNR_Report.pdf
https://sustainabledevelopment.un.org/content/documents/28233Voluntary_National_Review_2021_Norway.pdf,precompute-data/download_vlr_pdfs/downloads/a49ae44b/28233Voluntary_National_Review_2021_Norway.pdf
https://sustainabledevelopment.un.org/content/documents/282692021_VNR_Report_Paraguay.pdf,precompute-data/download_vlr_pdfs/downloads/0d847940/282692021_VNR_Report_Paraguay.pdf
https://sustainabledevelopment.un.org/content/documents/282902021_VNR_Report_Colombia.pdf,precompute-data/download_vlr_pdfs/downloads/7fde40cb/282902021_VNR_Report_Colombia.pdf
https://sustainabledevelopment.un.org/content/documents/285982021_VNR_Report_Malaysia.pdf,precompute-data/download_vlr_pdfs/downloads/04ad2acd/285982021_VNR_Report_Malaysia.pdf
https://unhabitat.org/sites/default/files/2021/06/barcelona_2019_cat.pdf,precompute-data/download_vlr_pdfs/downloads/8fe17d8a/barcelona_2019_cat.pdf
https://unhabitat.org/sites/default/files/2021/06/basque_country_2017_en.pdf,precompute-data/download_vlr_pdfs/downloads/68ab7463/basque_country_2017_en.pdf
https://unhabitat.org/sites/default/files/2021/06/belo_horizonte_2020_pt.pdf,precompute-data/download_vlr_pdfs/downloads/4cf210a1/belo_horizonte_2020_pt.pdf
https://unhabitat.org/sites/default/files/2021/06/besancon_2019_fr.pdf,precompute-data/download_vlr_pdfs/downloads/479d9bc4/besancon_2019_fr.pdf
https://unhabitat.org/sites/default/files/2021/06/buenos_aires_2020_en.pdf,precompute-data/download_vlr_pdfs/downloads/9eeeff66/buenos_aires_2020_en.pdf
https://unhabitat.org/sites/default/files/2021/06/busia_county_2019_en.pdf,precompute-data/download_vlr_pdfs/downloads/3e587b81/busia_county_2019_en.pdf
https://unhabitat.org/sites/default/files/2021/06/canterbury_2019_en.pdf,precompute-data/download_vlr_pdfs/downloads/ebffbe01/canterbury_2019_en.pdf
https://unhabitat.org/sites/default/files/2021/06/chimbote_2020_es.pdf,precompute-data/download_vlr_pdfs/downloads/41fc941c/chimbote_2020_es.pdf
https://unhabitat.org/sites/default/files/2021/06/ciudad_valles_2020_es.pdf,precompute-data/download_vlr_pdfs/downloads/49131b8a/ciudad_valles_2020_es.pdf
https://unhabitat.org/sites/default/files/2021/06/deqing_2017_en.pdf,precompute-data/download_vlr_pdfs/downloads/44c1a27d/deqing_2017_en.pdf
https://unhabitat.org/sites/default/files/2021/06/deqing_2018_en.pdf,precompute-data/download_vlr_pdfs/downloads/40fe7170/deqing_2018_en.pdf
https://unhabitat.org/sites/default/files/2021/06/espoo_2020_en.pdf,precompute-data/download_vlr_pdfs/downloads/3ab4a5f6/espoo_2020_en.pdf
https://unhabitat.org/sites/default/files/2021/06/gothenburg_2019_en.pdf,precompute-data/download_vlr_pdfs/downloads/bc6dd379/gothenburg_2019_en.pdf
https://unhabitat.org/sites/default/files/2021/06/hamamatsu_2019_en.pdf,precompute-data/download_vlr_pdfs/downloads/4a6cb9fa/hamamatsu_2019_en.pdf
https://unhabitat.org/sites/default/files/2021/06/harare_2020_en.pdf,precompute-data/download_vlr_pdfs/downloads/cfa3e57c/harare_2020_en.pdf
https://unhabitat.org/sites/default/files/2021/06/hawai_2020_en.pdf,precompute-data/download_vlr_pdfs/downloads/63818f3b/hawai_2020_en.pdf
https://unhabitat.org/sites/default/files/2021/06/helsinki_2019_en.pdf,precompute-data/download_vlr_pdfs/downloads/946ca737/helsinki_2019_en.pdf
https://unhabitat.org/sites/default/files/2021/06/jaen_2019_es.pdf,precompute-data/download_vlr_pdfs/downloads/ddef01db/jaen_2019_es.pdf
https://unhabitat.org/sites/default/files/2021/06/kelowna_2021_en.pdf,precompute-data/download_vlr_pdfs/downloads/5d021db3/kelowna_2021_en.pdf
https://unhabitat.org/sites/default/files/2021/06/kitakyushu_2018_en.pdf,precompute-data/download_vlr_pdfs/downloads/2579e5a7/kitakyushu_2018_en.pdf
https://unhabitat.org/sites/default/files/2021/06/kwale_county_2019_en.pdf,precompute-data/download_vlr_pdfs/downloads/8c5db932/kwale_county_2019_en.pdf
https://unhabitat.org/sites/default/files/2021/06/la_paz_2018_es.pdf,precompute-data/download_vlr_pdfs/downloads/56942eee/la_paz_2018_es.pdf
https://unhabitat.org/sites/default/files/2021/06/liverpool_2020_en.pdf,precompute-data/download_vlr_pdfs/downloads/2b58a314/liverpool_2020_en.pdf
https://unhabitat.org/sites/default/files/2021/06/malaga_2018_es.pdf,precompute-data/download_vlr_pdfs/downloads/0762908e/malaga_2018_es.pdf
https://unhabitat.org/sites/default/files/2021/06/marsabit_county_2019_en.pdf,precompute-data/download_vlr_pdfs/downloads/465386f2/marsabit_county_2019_en.pdf
https://unhabitat.org/sites/default/files/2021/06/mexico_city_2017_es.pdf,precompute-data/download_vlr_pdfs/downloads/3faee06d/mexico_city_2017_es.pdf
https://unhabitat.org/sites/default/files/2021/06/montevideo_2020_es.pdf,precompute-data/download_vlr_pdfs/downloads/6138fc35/montevideo_2020_es.pdf
https://unhabitat.org/sites/default/files/2021/06/new_taipei_2019_en.pdf,precompute-data/download_vlr_pdfs/downloads/d54a24ce/new_taipei_2019_en.pdf
https://unhabitat.org/sites/default/files/2021/06/new_york_2018_en.pdf,precompute-data/download_vlr_pdfs/downloads/2e1844cb/new_york_2018_en.pdf
https://unhabitat.org/sites/default/files/2021/06/niort_2020_fr.pdf,precompute-data/download_vlr_pdfs/downloads/17015846/niort_2020_fr.pdf
https://unhabitat.org/sites/default/files/2021/06/niteroi_2020_en.pdf,precompute-data/download_vlr_pdfs/downloads/05a0d6d4/niteroi_2020_en.pdf
https://unhabitat.org/sites/default/files/2021/06/oaxaca_2019_es.pdf,precompute-data/download_vlr_pdfs/downloads/23e7edfd/oaxaca_2019_es.pdf
https://unhabitat.org/sites/default/files/2021/06/pittsburgh_2020_en.pdf,precompute-data/download_vlr_pdfs/downloads/4c62c9bb/pittsburgh_2020_en.pdf
https://unhabitat.org/sites/default/files/2021/06/rio_2020_pt.pdf,precompute-data/download_vlr_pdfs/downloads/96038463/rio_2020_pt.pdf
https://unhabitat.org/sites/default/files/2021/06/santa_fe_2019_es.pdf,precompute-data/download_vlr_pdfs/downloads/0a85866c/santa_fe_2019_es.pdf
https://unhabitat.org/sites/default/files/2021/06/scotland_2021_en.pdf,precompute-data/download_vlr_pdfs/downloads/549c5cf0/scotland_2021_en.pdf
https://unhabitat.org/sites/default/files/2021/06/shimokawa_2018_en.pdf,precompute-data/download_vlr_pdfs/downloads/35aaa737/shimokawa_2018_en.pdf
https://unhabitat.org/sites/default/files/2021/06/sydney_2018_en.pdf,precompute-data/download_vlr_pdfs/downloads/0339f827/sydney_2018_en.pdf
https://unhabitat.org/sites/default/files/2021/06/taipei_2019_en.pdf,precompute-data/download_vlr_pdfs/downloads/4cc50bcd/taipei_2019_en.pdf
https://unhabitat.org/sites/default/files/2021/06/taipei_city_2020_en.pdf,precompute-data/download_vlr_pdfs/downloads/d699ca22/taipei_city_2020_en.pdf
https://unhabitat.org/sites/default/files/2021/06/taita_taveta_county_2019_en.pdf,precompute-data/download_vlr_pdfs/downloads/d1b966db/taita_taveta_county_2019_en.pdf
https://unhabitat.org/sites/default/files/2021/06/trujillo_2020_es.pdf,precompute-data/download_vlr_pdfs/downloads/3414ae13/trujillo_2020_es.pdf
https://unhabitat.org/sites/default/files/2021/06/victoria_falls_2020_en.pdf,precompute-data/download_vlr_pdfs/downloads/f3ac1290/victoria_falls_2020_en.pdf
https://unhabitat.org/sites/default/files/2021/06/wallonia_2017_fr.pdf,precompute-data/download_vlr_pdfs/downloads/5abc0700/wallonia_2017_fr.pdf
https://unhabitat.org/sites/default/files/2021/06/winnipeg_2018_en.pdf,precompute-data/download_vlr_pdfs/downloads/aa7d03e6/winnipeg_2018_en.pdf
https://unhabitat.org/sites/default/files/2021/06/winnipeg_2020_en.pdf,precompute-data/download_vlr_pdfs/downloads/1758c3f8/winnipeg_2020_en.pdf
https://unhabitat.org/sites/default/files/2021/06/yucatan_2020_es.pdf,precompute-data/download_vlr_pdfs/downloads/e50b29d4/yucatan_2020_es.pdf
https://unhabitat.org/sites/default/files/2021/07/asia-pacific_regional_guidelines_on_vlrs_0.pdf,precompute-data/download_vlr_pdfs/downloads/5d6a17d9/asia-pacific_regional_guidelines_on_vlrs_0.pdf
https://unhabitat.org/sites/default/files/2021/07/bergen_2021_no.pdf,precompute-data/download_vlr_pdfs/downloads/fde56e20/bergen_2021_no.pdf
https://unhabitat.org/sites/default/files/2021/07/buenos_aires_2021_es.pdf,precompute-data/download_vlr_pdfs/downloads/49eac2ab/buenos_aires_2021_es.pdf
https://unhabitat.org/sites/default/files/2021/07/european_handbook_for_sdg_voluntary_local_reviews_online.pdf,precompute-data/download_vlr_pdfs/downloads/152c5aec/european_handbook_for_sdg_voluntary_local_reviews_online.pdf
https://unhabitat.org/sites/default/files/2021/07/florence_2021_it.pdf,precompute-data/download_vlr_pdfs/downloads/b0562583/florence_2021_it.pdf
https://unhabitat.org/sites/default/files/2021/07/globalguidingelementsforvlrs_final.pdf,precompute-data/download_vlr_pdfs/downloads/cf0b085a/globalguidingelementsforvlrs_final.pdf
https://unhabitat.org/sites/default/files/2021/07/malaysia_sdg_cities_booklet-2.pdf,precompute-data/download_vlr_pdfs/downloads/9d77651d/malaysia_sdg_cities_booklet-2.pdf
https://unhabitat.org/sites/default/files/2021/07/romsdal_2021_no.pdf,precompute-data/download_vlr_pdfs/downloads/d50a4098/romsdal_2021_no.pdf
https://unhabitat.org/sites/default/files/2021/07/shimokawamethodfinal.pdf,precompute-data/download_vlr_pdfs/downloads/9eed44e7/shimokawamethodfinal.pdf
https://unhabitat.org/sites/default/files/2021/07/state_of_the_vlrs_2021.pdf,precompute-data/download_vlr_pdfs/downloads/8a6a138b/state_of_the_vlrs_2021.pdf
https://unhabitat.org/sites/default/files/2021/07/stateofthevoluntarylocalreview2020-final.pdf,precompute-data/download_vlr_pdfs/downloads/f8b4a42a/stateofthevoluntarylocalreview2020-final.pdf
https://unhabitat.org/sites/default/files/2021/07/stockholm_2021_en.pdf,precompute-data/download_vlr_pdfs/downloads/8603cbc9/stockholm_2021_en.pdf
https://unhabitat.org/sites/default/files/2021/07/tokyo_2021_en.pdf,precompute-data/download_vlr_pdfs/downloads/1e2d273a/tokyo_2021_en.pdf
https://unhabitat.org/sites/default/files/2021/07/uk-cities-voluntary-local-review-handbook.pdf,precompute-data/download_vlr_pdfs/downloads/4dbc7716/uk-cities-voluntary-local-review-handbook.pdf
https://unhabitat.org/sites/default/files/2021/07/uppsala_2021_en.pdf,precompute-data/download_vlr_pdfs/downloads/5a37d711/uppsala_2021_en.pdf
https://unhabitat.org/sites/default/files/2021/07/viken_2020_no.pdf,precompute-data/download_vlr_pdfs/downloads/9085aa39/viken_2020_no.pdf
https://unhabitat.org/sites/default/files/2021/07/vlr_handbook_7.7.19.pdf,precompute-data/download_vlr_pdfs/downloads/20c49d67/vlr_handbook_7.7.19.pdf
https://unhabitat.org/sites/default/files/2021/09/cordoba_2020_es.pdf,precompute-data/download_vlr_pdfs/downloads/a72590e0/cordoba_2020_es.pdf
https://unhabitat.org/sites/default/files/2021/09/dangjin_2020_en.pdf,precompute-data/download_vlr_pdfs/downloads/495a6d19/dangjin_2020_en.pdf
https://unhabitat.org/sites/default/files/2021/09/durango_2021_en.pdf,precompute-data/download_vlr_pdfs/downloads/55cba40a/durango_2021_en.pdf
https://unhabitat.org/sites/default/files/2021/09/durango_2021_es.pdf,precompute-data/download_vlr_pdfs/downloads/2eefec7d/durango_2021_es.pdf
https://unhabitat.org/sites/default/files/2021/09/merida_2021_es.pdf,precompute-data/download_vlr_pdfs/downloads/5ea6ae2b/merida_2021_es.pdf
https://unhabitat.org/sites/default/files/2021/09/mexico_city_2019_es.pdf,precompute-data/download_vlr_pdfs/downloads/ddc243f3/mexico_city_2019_es.pdf
https://unhabitat.org/sites/default/files/2021/09/mexico_city_2021_es.pdf,precompute-data/download_vlr_pdfs/downloads/6079d0a4/mexico_city_2021_es.pdf
https://unhabitat.org/sites/default/files/2021/09/mexico_state.pdf,precompute-data/download_vlr_pdfs/downloads/51fa72b8/mexico_state.pdf
https://unhabitat.org/sites/default/files/2021/09/taoyuan_2020_e.pdf,precompute-data/download_vlr_pdfs/downloads/a3f0ae76/taoyuan_2020_e.pdf
https://unhabitat.org/sites/default/files/2021/10/besancon_2018_fr.pdf,precompute-data/download_vlr_pdfs/downloads/5fc7e30c/besancon_2018_fr.pdf
https://unhabitat.org/sites/default/files/2021/10/lincoln_2016_2017_es.pdf,precompute-data/download_vlr_pdfs/downloads/ebd037b2/lincoln_2016_2017_es.pdf
https://unhabitat.org/sites/default/files/2021/10/lincoln_2018_2019_es.pdf,precompute-data/download_vlr_pdfs/downloads/324e275c/lincoln_2018_2019_es.pdf
https://unhabitat.org/sites/default/files/2021/10/los_angeles_2021_en.pdf,precompute-data/download_vlr_pdfs/downloads/9e1c25c9/los_angeles_2021_en.pdf
https://unhabitat.org/sites/default/files/2021/10/orlando_2021_en.pdf,precompute-data/download_vlr_pdfs/downloads/46e47fa1/orlando_2021_en.pdf
https://unhabitat.org/sites/default/files/2021/10/taipei_2021_en.pdf,precompute-data/download_vlr_pdfs/downloads/492a4f4d/taipei_2021_en.pdf
https://unhabitat.org/sites/default/files/2021/12/izmir_2021_tr.pdf,precompute-data/download_vlr_pdfs/downloads/fe2498dd/izmir_2021_tr.pdf
https://unhabitat.org/sites/default/files/2021/12/sultanbeyli_2021_tr_1.pdf,precompute-data/download_vlr_pdfs/downloads/852aa7af/sultanbeyli_2021_tr_1.pdf
https://unhabitat.org/sites/default/files/2021/12/yokohama_2021_en.pdf,precompute-data/download_vlr_pdfs/downloads/a023fa65/yokohama_2021_en.pdf
https://unhabitat.org/sites/default/files/2022-07/abruzzo_marche_umbria_2022_en.pdf,precompute-data/download_vlr_pdfs/downloads/3fbcdd11/abruzzo_marche_umbria_2022_en.pdf
https://unhabitat.org/sites/default/files/2022-07/genova_2022_en.pdf,precompute-data/download_vlr_pdfs/downloads/67faac10/genova_2022_en.pdf
https://unhabitat.org/sites/default/files/2022-07/kaohsiung_2021_en.pdf,precompute-data/download_vlr_pdfs/downloads/f4348ea5/kaohsiung_2021_en.pdf
https://unhabitat.org/sites/default/files/2022-07/lazio_2022_en.pdf,precompute-data/download_vlr_pdfs/downloads/a1eff0e8/lazio_2022_en.pdf
https://unhabitat.org/sites/default/files/2022-07/liguria_2022_en.pdf,precompute-data/download_vlr_pdfs/downloads/5acac9f6/liguria_2022_en.pdf
https://unhabitat.org/sites/default/files/2022-07/lombardy_milan_2022_en.pdf,precompute-data/download_vlr_pdfs/downloads/282229c6/lombardy_milan_2022_en.pdf
https://unhabitat.org/sites/default/files/2022-07/melbourne_2022_en.pdf,precompute-data/download_vlr_pdfs/downloads/ec2dd829/melbourne_2022_en.pdf
https://unhabitat.org/sites/default/files/2022-07/messina_2022_en.pdf,precompute-data/download_vlr_pdfs/downloads/bc22e912/messina_2022_en.pdf
https://unhabitat.org/sites/default/files/2022-07/new_taipei_2021_en.pdf,precompute-data/download_vlr_pdfs/downloads/f40a4c46/new_taipei_2021_en.pdf
https://unhabitat.org/sites/default/files/2022-07/puglia_bari_2022_en.pdf,precompute-data/download_vlr_pdfs/downloads/31455846/puglia_bari_2022_en.pdf
https://unhabitat.org/sites/default/files/2022-07/reggio_calabria_2022_en.pdf,precompute-data/download_vlr_pdfs/downloads/850049ce/reggio_calabria_2022_en.pdf
https://unhabitat.org/sites/default/files/2022-07/roma_2022_en.pdf,precompute-data/download_vlr_pdfs/downloads/e0b2a563/roma_2022_en.pdf
https://unhabitat.org/sites/default/files/2022-07/sardinia_2022_en.pdf,precompute-data/download_vlr_pdfs/downloads/18d07abc/sardinia_2022_en.pdf
https://unhabitat.org/sites/default/files/2022-07/taichung_2021_en.pdf,precompute-data/download_vlr_pdfs/downloads/d3b024a9/taichung_2021_en.pdf
https://unhabitat.org/sites/default/files/2022-07/villa_maria_2022_es.pdf,precompute-data/download_vlr_pdfs/downloads/bd0c37c6/villa_maria_2022_es.pdf
https://unhabitat.org/sites/default/files/2022-07/yunlin_county_2021_en.pdf,precompute-data/download_vlr_pdfs/downloads/fec7c65d/yunlin_county_2021_en.pdf
https://unhabitat.org/sites/default/files/2022/01/accra_2020_en.pdf,precompute-data/download_vlr_pdfs/downloads/757343cc/accra_2020_en.pdf
https://unhabitat.org/sites/default/files/2022/01/jaen_2020_es.pdf,precompute-data/download_vlr_pdfs/downloads/2ba73352/jaen_2020_es.pdf
https://unhabitat.org/sites/default/files/2022/01/karatay_2021_en.pdf,precompute-data/download_vlr_pdfs/downloads/fb0b1083/karatay_2021_en.pdf
https://unhabitat.org/sites/default/files/2022/01/karatay_2021_tr.pdf,precompute-data/download_vlr_pdfs/downloads/24cb232d/karatay_2021_tr.pdf
https://unhabitat.org/sites/default/files/2022/01/ngora_district_2020_en.pdf,precompute-data/download_vlr_pdfs/downloads/f4b2b624/ngora_district_2020_en.pdf
https://unhabitat.org/sites/default/files/2022/01/vsrguidelines_en.pdf,precompute-data/download_vlr_pdfs/downloads/c4c48eb1/vsrguidelines_en.pdf
https://unhabitat.org/sites/default/files/2022/01/yaounde_2020_en.pdf,precompute-data/download_vlr_pdfs/downloads/46e41523/yaounde_2020_en.pdf
https://unhabitat.org/sites/default/files/2022/06/voluntarylocalreview-abridgebetweenglobalgoalsandlocalreality_2022_en_1.pdf,precompute-data/download_vlr_pdfs/downloads/2bd2364d/voluntarylocalreview-abridgebetweenglobalgoalsandlocalreality_2022_en_1.pdf
https://unhabitat.org/sites/default/files/2022/08/buenosaires_2022_sp-optimized_2.pdf,precompute-data/download_vlr_pdfs/downloads/ff3f8c26/buenosaires_2022_sp-optimized_2.pdf
https://unhabitat.org/sites/default/files/2022/08/dhulikhel_2022_en.pdf,precompute-data/download_vlr_pdfs/downloads/db12f47c/dhulikhel_2022_en.pdf
https://unhabitat.org/sites/default/files/2022/08/dusseldorf_2022_en-optimized.pdf,precompute-data/download_vlr_pdfs/downloads/287af2a7/dusseldorf_2022_en-optimized.pdf
https://unhabitat.org/sites/default/files/2022/08/guidelines_en-optimized.pdf,precompute-data/download_vlr_pdfs/downloads/cc630d24/guidelines_en-optimized.pdf
https://unhabitat.org/sites/default/files/2022/08/santafe_2022_es-optimized.pdf,precompute-data/download_vlr_pdfs/downloads/5866a546/santafe_2022_es-optimized.pdf
https://unhabitat.org/sites/default/files/2022/08/singra_2022_en.pdf,precompute-data/download_vlr_pdfs/downloads/323a4e20/singra_2022_en.pdf
https://unhabitat.org/sites/default/files/2022/08/toyota_2022_en-optimized.pdf,precompute-data/download_vlr_pdfs/downloads/658e2629/toyota_2022_en-optimized.pdf
https://unhabitat.org/sites/default/files/2022/09/hanover_2020_en-optimized-optimized.pdf,precompute-data/download_vlr_pdfs/downloads/fbe1102f/hanover_2020_en-optimized-optimized.pdf
https://unhabitat.org/sites/default/files/2022/09/surabaya_2021_en-optimized.pdf,precompute-data/download_vlr_pdfs/downloads/81957405/surabaya_2021_en-optimized.pdf
https://unhabitat.org/sites/default/files/2022/10/amman_vlr_-_english_version_-_complete_-_out_for_print_-_in_spreads_4.pdf,precompute-data/download_vlr_pdfs/downloads/57a86c29/amman_vlr_-_english_version_-_complete_-_out_for_print_-_in_spreads_4.pdf
https://unhabitat.org/sites/default/files/2022/10/avcilar_2022_en_-_smaller_2.pdf,precompute-data/download_vlr_pdfs/downloads/e696a869/avcilar_2022_en_-_smaller_2.pdf
https://unhabitat.org/sites/default/files/2022/10/barcelona_2020_cat.pdf,precompute-data/download_vlr_pdfs/downloads/3290917a/barcelona_2020_cat.pdf
https://unhabitat.org/sites/default/files/2022/10/bristol_2022_en_0.pdf,precompute-data/download_vlr_pdfs/downloads/1b7bcac7/bristol_2022_en_0.pdf
https://unhabitat.org/sites/default/files/2022/10/sanjusto_2022_es-min.pdf,precompute-data/download_vlr_pdfs/downloads/efeb7718/sanjusto_2022_es-min.pdf
https://unhabitat.org/sites/default/files/2022/10/tainan_2021_en.pdf,precompute-data/download_vlr_pdfs/downloads/78f7457c/tainan_2021_en.pdf
https://unhabitat.org/sites/default/files/2022/10/wales_2019_en.pdf,precompute-data/download_vlr_pdfs/downloads/8fc20ff9/wales_2019_en.pdf
https://unhabitat.org/sites/default/files/2022/11/amman_2022_en.pdf,precompute-data/download_vlr_pdfs/downloads/a53db0a1/amman_2022_en.pdf
https://unhabitat.org/sites/default/files/2022/11/buenosaires_2022_en-optimized.pdf,precompute-data/download_vlr_pdfs/downloads/1a03afc5/buenosaires_2022_en-optimized.pdf
https://unhabitat.org/sites/default/files/2022/11/stuttgart_2020_en.pdf,precompute-data/download_vlr_pdfs/downloads/474a8d32/stuttgart_2020_en.pdf
https://unhabitat.org/sites/default/files/2022/11/stuttgart_2022_gr.pdf,precompute-data/download_vlr_pdfs/downloads/ede47cfd/stuttgart_2022_gr.pdf
https://unhabitat.org/sites/default/files/2022/12/amsterdam_2022_en.pdf,precompute-data/download_vlr_pdfs/downloads/15694869/amsterdam_2022_en.pdf
https://unhabitat.org/sites/default/files/2022/12/manizales_2022_es.pdf,precompute-data/download_vlr_pdfs/downloads/d74ddb63/manizales_2022_es.pdf
https://unhabitat.org/sites/default/files/2022/12/taoyuan_2022_en.pdf,precompute-data/download_vlr_pdfs/downloads/69983fb8/taoyuan_2022_en.pdf
https://unhabitat.org/sites/default/files/2023/01/cochabamba_2022_es-2.pdf,precompute-data/download_vlr_pdfs/downloads/befc72c7/cochabamba_2022_es-2.pdf
https://unhabitat.org/sites/default/files/2023/01/el_alto_2022_es-2.pdf,precompute-data/download_vlr_pdfs/downloads/accff885/el_alto_2022_es-2.pdf
https://unhabitat.org/sites/default/files/2023/01/jakarta_2021_en.pdf,precompute-data/download_vlr_pdfs/downloads/2d98c4a4/jakarta_2021_en.pdf
https://unhabitat.org/sites/default/files/2023/01/la_paz_2022_es-2.pdf,precompute-data/download_vlr_pdfs/downloads/e3352b05/la_paz_2022_es-2.pdf
https://unhabitat.org/sites/default/files/2023/01/santa_cruz_de_la_sierra_2022_es-2.pdf,precompute-data/download_vlr_pdfs/downloads/afcef748/santa_cruz_de_la_sierra_2022_es-2.pdf
https://unhabitat.org/sites/default/files/2023/03/al_madinah_2023_en.pdf,precompute-data/download_vlr_pdfs/downloads/ec494d3b/al_madinah_2023_en.pdf
https://unhabitat.org/sites/default/files/2023/03/amman_2022_ar.pdf,precompute-data/download_vlr_pdfs/downloads/7b38e15b/amman_2022_ar.pdf
https://unhabitat.org/sites/default/files/2023/03/atenas_2022_es.pdf,precompute-data/download_vlr_pdfs/downloads/2913670a/atenas_2022_es.pdf
https://unhabitat.org/sites/default/files/2023/03/belen_2022_es.pdf,precompute-data/download_vlr_pdfs/downloads/3a656e8a/belen_2022_es.pdf
https://unhabitat.org/sites/default/files/2023/03/escazu_2022_es.pdf,precompute-data/download_vlr_pdfs/downloads/ed5b62d6/escazu_2022_es.pdf
https://unhabitat.org/sites/default/files/2023/03/goicoechea_2022_es.pdf,precompute-data/download_vlr_pdfs/downloads/64cf3a8d/goicoechea_2022_es.pdf
https://unhabitat.org/sites/default/files/2023/03/goicoechea_2023_es.pdf,precompute-data/download_vlr_pdfs/downloads/94a71841/goicoechea_2023_es.pdf
https://unhabitat.org/sites/default/files/2023/03/madrid_2023_en.pdf,precompute-data/download_vlr_pdfs/downloads/bb13ff4a/madrid_2023_en.pdf
https://unhabitat.org/sites/default/files/2023/03/marmara_region_2022_en.pdf,precompute-data/download_vlr_pdfs/downloads/6ce8d1dc/marmara_region_2022_en.pdf
https://unhabitat.org/sites/default/files/2023/03/puriscal_2022_es.pdf,precompute-data/download_vlr_pdfs/downloads/da6aba5b/puriscal_2022_es.pdf
https://unhabitat.org/sites/default/files/2023/03/sarchi_2022_es.pdf,precompute-data/download_vlr_pdfs/downloads/3ed5ae25/sarchi_2022_es.pdf
https://unhabitat.org/sites/default/files/2023/04/alhaurin_de_la_torre_2019_es.pdf,precompute-data/download_vlr_pdfs/downloads/2e12a4be/alhaurin_de_la_torre_2019_es.pdf
https://unhabitat.org/sites/default/files/2023/04/cascais_2020_pt.pdf,precompute-data/download_vlr_pdfs/downloads/24ca0de3/cascais_2020_pt.pdf
https://unhabitat.org/sites/default/files/2023/04/castilla_la_mancha_2019_es.pdf,precompute-data/download_vlr_pdfs/downloads/08752a78/castilla_la_mancha_2019_es.pdf
https://unhabitat.org/sites/default/files/2023/05/barcelona_agenda2030targets_keyindicators_english.pdf,precompute-data/download_vlr_pdfs/downloads/f30720f9/barcelona_agenda2030targets_keyindicators_english.pdf
https://unhabitat.org/sites/default/files/2023/05/basque_monitoring_report_2020-agenda2030.pdf,precompute-data/download_vlr_pdfs/downloads/5a382f02/basque_monitoring_report_2020-agenda2030.pdf
https://unhabitat.org/sites/default/files/2023/05/turku_vlr_2022.pdf,precompute-data/download_vlr_pdfs/downloads/e6f6e1ac/turku_vlr_2022.pdf
https://unhabitat.org/sites/default/files/2023/06/bhopal_2023_en.pdf,precompute-data/download_vlr_pdfs/downloads/19bd8e74/bhopal_2023_en.pdf
https://unhabitat.org/sites/default/files/2023/06/thunder_bay_2022_en.pdf,precompute-data/download_vlr_pdfs/downloads/059e704b/thunder_bay_2022_en.pdf
https://unhabitat.org/sites/default/files/2023/06/vitoria-gasteiz_2022_en.pdf,precompute-data/download_vlr_pdfs/downloads/52fa4c78/vitoria-gasteiz_2022_en.pdf
https://unhabitat.org/sites/default/files/2023/07/alor_gajah_2022_en.pdf,precompute-data/download_vlr_pdfs/downloads/7d628494/alor_gajah_2022_en.pdf
https://unhabitat.org/sites/default/files/2023/07/changhua_county_2023_zh-hant.pdf,precompute-data/download_vlr_pdfs/downloads/2c505c13/changhua_county_2023_zh-hant.pdf
https://unhabitat.org/sites/default/files/2023/07/lienchiang_county_2023_zh-hant.pdf,precompute-data/download_vlr_pdfs/downloads/2e1ca3a3/lienchiang_county_2023_zh-hant.pdf
https://unhabitat.org/sites/default/files/2023/07/manabi_2022_es.pdf,precompute-data/download_vlr_pdfs/downloads/8763cf44/manabi_2022_es.pdf
https://unhabitat.org/sites/default/files/2023/08/cordoba_2023_en_1.pdf,precompute-data/download_vlr_pdfs/downloads/7e30e690/cordoba_2023_en_1.pdf
https://unhabitat.org/sites/default/files/2023/08/cordoba_2023_es.pdf,precompute-data/download_vlr_pdfs/downloads/cf13d902/cordoba_2023_es.pdf
https://unhabitat.org/sites/default/files/2023/08/melaka_2022_en.pdf,precompute-data/download_vlr_pdfs/downloads/17dd1930/melaka_2022_en.pdf
https://unhabitat.org/sites/default/files/2023/09/ortiz-moyaetal.2023-stateofthevoluntarylocalreviews2023follow-upandreviewofthe2030agendaatthelocallevel.pdf,precompute-data/download_vlr_pdfs/downloads/76cd41ba/ortiz-moyaetal.2023-stateofthevoluntarylocalreviews2023follow-upandreviewofthe2030agendaatthelocallevel.pdf
https://unhabitat.org/sites/default/files/2023/10/antioquia_2021_escompressed.pdf,precompute-data/download_vlr_pdfs/downloads/a62bcce3/antioquia_2021_escompressed.pdf
https://unhabitat.org/sites/default/files/2023/10/basque_country_2023_en.pdf,precompute-data/download_vlr_pdfs/downloads/c90fb49e/basque_country_2023_en.pdf
https://unhabitat.org/sites/default/files/2023/10/belo_horizonte_2022_es.pdf,precompute-data/download_vlr_pdfs/downloads/4d9bcd61/belo_horizonte_2022_es.pdf
https://unhabitat.org/sites/default/files/2023/10/bogota_2022_es.pdf,precompute-data/download_vlr_pdfs/downloads/ac59e60c/bogota_2022_es.pdf
https://unhabitat.org/sites/default/files/2023/10/kuala_lumpur_2022_en.pdf,precompute-data/download_vlr_pdfs/downloads/307a166d/kuala_lumpur_2022_en.pdf
https://unhabitat.org/sites/default/files/2023/11/fatih_2023_en.pdf,precompute-data/download_vlr_pdfs/downloads/9789e3b8/fatih_2023_en.pdf
https://unhabitat.org/sites/default/files/2023/11/fatih_2023_tr.pdf,precompute-data/download_vlr_pdfs/downloads/c9ddbad4/fatih_2023_tr.pdf
https://unhabitat.org/sites/default/files/2023/11/rapa_nui_2023_es.pdf,precompute-data/download_vlr_pdfs/downloads/9a2d3e5a/rapa_nui_2023_es.pdf
https://unhabitat.org/sites/default/files/2023/12/frankfurt_2020_de.pdf,precompute-data/download_vlr_pdfs/downloads/51dfbeff/frankfurt_2020_de.pdf
https://unhabitat.org/sites/default/files/2023/12/shanghai_2022_en.pdf,precompute-data/download_vlr_pdfs/downloads/7b6171fa/shanghai_2022_en.pdf
https://unhabitat.org/sites/default/files/2024/01/bijeljina_2023_en.pdf,precompute-data/download_vlr_pdfs/downloads/b880993d/bijeljina_2023_en.pdf
https://unhabitat.org/sites/default/files/2024/01/emboreet_village-manyara_2023_en.pdf,precompute-data/download_vlr_pdfs/downloads/ab5b1f3e/emboreet_village-manyara_2023_en.pdf
https://unhabitat.org/sites/default/files/2024/02/malaga_2019_es.pdf,precompute-data/download_vlr_pdfs/downloads/77eb75fd/malaga_2019_es.pdf
https://unhabitat.org/sites/default/files/2024/02/malaga_2020_es.pdf,precompute-data/download_vlr_pdfs/downloads/d0029d73/malaga_2020_es.pdf
https://unhabitat.org/sites/default/files/2024/02/malaga_2021_es.pdf,precompute-data/download_vlr_pdfs/downloads/c2cc4692/malaga_2021_es.pdf
https://unhabitat.org/sites/default/files/2024/02/malaga_2022_es.pdf,precompute-data/download_vlr_pdfs/downloads/ea787e8b/malaga_2022_es.pdf
https://unhabitat.org/sites/default/files/2024/02/mixco_2022_es.pdf,precompute-data/download_vlr_pdfs/downloads/ee7acdb9/mixco_2022_es.pdf
https://unhabitat.org/sites/default/files/2024/02/shinan-gun_2023_en.pdf,precompute-data/download_vlr_pdfs/downloads/d1a44ab7/shinan-gun_2023_en.pdf
https://unhabitat.org/sites/default/files/2024/02/suwon_2022_en.pdf,precompute-data/download_vlr_pdfs/downloads/80f99e53/suwon_2022_en.pdf
https://unhabitat.org/sites/default/files/2024/07/2023_-_barcelona_english.pdf,precompute-data/download_vlr_pdfs/downloads/86504bb4/2023_-_barcelona_english.pdf
https://unhabitat.org/sites/default/files/2024/07/2023_espoo_vlr.pdf,precompute-data/download_vlr_pdfs/downloads/32b4a876/2023_espoo_vlr.pdf
https://unhabitat.org/sites/default/files/2024/07/2023_hamburg_vlr_english.pdf,precompute-data/download_vlr_pdfs/downloads/4496a059/2023_hamburg_vlr_english.pdf
https://unhabitat.org/sites/default/files/2024/07/agios_dimitrios_2023.pdf,precompute-data/download_vlr_pdfs/downloads/228b4d08/agios_dimitrios_2023.pdf
https://unhabitat.org/sites/default/files/2024/07/beheira_vlr.pdf,precompute-data/download_vlr_pdfs/downloads/2f05e389/beheira_vlr.pdf
https://unhabitat.org/sites/default/files/2024/07/freiburg_2024.pdf,precompute-data/download_vlr_pdfs/downloads/542b009e/freiburg_2024.pdf
https://unhabitat.org/sites/default/files/2024/07/ghent-vlr-2023.pdf,precompute-data/download_vlr_pdfs/downloads/38040013/ghent-vlr-2023.pdf
https://unhabitat.org/sites/default/files/2024/07/hsinchu_city_2023.pdf,precompute-data/download_vlr_pdfs/downloads/bb2b6598/hsinchu_city_2023.pdf
https://unhabitat.org/sites/default/files/2024/07/ilv_vf_kanasin2023.pdf,precompute-data/download_vlr_pdfs/downloads/d954428d/ilv_vf_kanasin2023.pdf
https://unhabitat.org/sites/default/files/2024/07/imbabura_2024.pdf,precompute-data/download_vlr_pdfs/downloads/47a1a001/imbabura_2024.pdf
https://unhabitat.org/sites/default/files/2024/07/informe_local_voluntario_manabi_2023_es.pdf,precompute-data/download_vlr_pdfs/downloads/b6290e19/informe_local_voluntario_manabi_2023_es.pdf
https://unhabitat.org/sites/default/files/2024/07/karatay_2023.pdf,precompute-data/download_vlr_pdfs/downloads/9f4572cc/karatay_2023.pdf
https://unhabitat.org/sites/default/files/2024/07/port_said_vlr.pdf,precompute-data/download_vlr_pdfs/downloads/5af18818/port_said_vlr.pdf
https://unhabitat.org/sites/default/files/2024/07/stuttgart-a_livable_city_1.pdf,precompute-data/download_vlr_pdfs/downloads/4eb67f28/stuttgart-a_livable_city_1.pdf
https://unhabitat.org/sites/default/files/2024/07/sustainability_report_for_the_city_of_oslo.pdf,precompute-data/download_vlr_pdfs/downloads/25cf52bf/sustainability_report_for_the_city_of_oslo.pdf
https://unhabitat.org/sites/default/files/2024/07/taichung_2023.pdf,precompute-data/download_vlr_pdfs/downloads/6331a7b6/taichung_2023.pdf
https://unhabitat.org/sites/default/files/2024/07/tandil_2023.pdf,precompute-data/download_vlr_pdfs/downloads/9e011b9d/tandil_2023.pdf
https://unhabitat.org/sites/default/files/2024/07/torres_vedras_2024.pdf,precompute-data/download_vlr_pdfs/downloads/bdd3aad5/torres_vedras_2024.pdf
https://unhabitat.org/sites/default/files/2024/07/utrecht-vlr-2023.pdf,precompute-data/download_vlr_pdfs/downloads/f2d04809/utrecht-vlr-2023.pdf
https://unhabitat.org/sites/default/files/2024/07/villa_maria_2022.pdf,precompute-data/download_vlr_pdfs/downloads/e7eca817/villa_maria_2022.pdf
https://unhabitat.org/sites/default/files/2024/07/vlr_bad_kostritz_en_2023.pdf,precompute-data/download_vlr_pdfs/downloads/bfbb975f/vlr_bad_kostritz_en_2023.pdf
https://unhabitat.org/sites/default/files/2024/07/vlr_from_gladsaxe_2023.pdf,precompute-data/download_vlr_pdfs/downloads/6d6c04e3/vlr_from_gladsaxe_2023.pdf
https://unhabitat.org/sites/default/files/2024/07/vlr_fuerstenfeldbruck_en.pdf,precompute-data/download_vlr_pdfs/downloads/aceb9248/vlr_fuerstenfeldbruck_en.pdf
https://unhabitat.org/sites/default/files/2024/07/vlr_koeln_en_2023.pdf,precompute-data/download_vlr_pdfs/downloads/146842a0/vlr_koeln_en_2023.pdf
https://unhabitat.org/sites/default/files/2024/07/voluntary_review_of_the_city_of_rottenburg_am_neckar_2023_.pdf,precompute-data/download_vlr_pdfs/downloads/7e8e88df/voluntary_review_of_the_city_of_rottenburg_am_neckar_2023_.pdf
https://unhabitat.org/sites/default/files/2024/07/yunlin_county_2023.pdf,precompute-data/download_vlr_pdfs/downloads/6fa27107/yunlin_county_2023.pdf
https://unhabitat.org/sites/default/files/2024/08/bungoma_2024_en.pdf,precompute-data/download_vlr_pdfs/downloads/3f24bfa9/bungoma_2024_en.pdf
https://unhabitat.org/sites/default/files/2024/08/elgeyo_2024_en.pdf,precompute-data/download_vlr_pdfs/downloads/2f4b519a/elgeyo_2024_en.pdf
https://unhabitat.org/sites/default/files/2024/08/ennour_2024_fr.pdf,precompute-data/download_vlr_pdfs/downloads/5a06ceb1/ennour_2024_fr.pdf
https://unhabitat.org/sites/default/files/2024/08/kakamega_2024_en.pdf,precompute-data/download_vlr_pdfs/downloads/448744fc/kakamega_2024_en.pdf
https://unhabitat.org/sites/default/files/2024/08/manabi_2024_en.pdf,precompute-data/download_vlr_pdfs/downloads/7be01598/manabi_2024_en.pdf
https://unhabitat.org/sites/default/files/2024/08/mombasa_2024_en.pdf,precompute-data/download_vlr_pdfs/downloads/76300b52/mombasa_2024_en.pdf
https://unhabitat.org/sites/default/files/2024/08/nakhon_si_thammarat_2022_en.pdf,precompute-data/download_vlr_pdfs/downloads/9402a9e3/nakhon_si_thammarat_2022_en.pdf
https://unhabitat.org/sites/default/files/2024/08/nyeri_2024_en.pdf,precompute-data/download_vlr_pdfs/downloads/c8eb70b7/nyeri_2024_en.pdf
https://unhabitat.org/sites/default/files/2024/08/pichincha_2024_es.pdf,precompute-data/download_vlr_pdfs/downloads/6f224d4a/pichincha_2024_es.pdf
https://unhabitat.org/sites/default/files/2024/08/tainan_2023_en.pdf,precompute-data/download_vlr_pdfs/downloads/8351b325/tainan_2023_en.pdf
https://unhabitat.org/sites/default/files/2024/08/taita_taveta_2024_en.pdf,precompute-data/download_vlr_pdfs/downloads/d2e795ad/taita_taveta_2024_en.pdf
https://unhabitat.org/sites/default/files/2024/08/tierp_2024_en.pdf,precompute-data/download_vlr_pdfs/downloads/5f7a5a56/tierp_2024_en.pdf
https://unhabitat.org/sites/default/files/2024/08/tierp_2024_se.pdf,precompute-data/download_vlr_pdfs/downloads/cb128ca9/tierp_2024_se.pdf
https://unhabitat.org/sites/default/files/2024/08/valles_oriental_2023_ca.pdf,precompute-data/download_vlr_pdfs/downloads/34120326/valles_oriental_2023_ca.pdf
https://unhabitat.org/sites/default/files/2024/08/villa_maria_2023_es.pdf,precompute-data/download_vlr_pdfs/downloads/11946c38/villa_maria_2023_es.pdf
https://unhabitat.org/sites/default/files/2024/08/vlr_progress_report_of_karatay_-_konya_2023_-_turkish.pdf,precompute-data/download_vlr_pdfs/downloads/7e38f571/vlr_progress_report_of_karatay_-_konya_2023_-_turkish.pdf
https://unhabitat.org/sites/default/files/2024/08/wallonia_2019_fr.pdf,precompute-data/download_vlr_pdfs/downloads/fc7e44e3/wallonia_2019_fr.pdf
https://unhabitat.org/sites/default/files/2024/08/wallonia_2023_fr.pdf,precompute-data/download_vlr_pdfs/downloads/907575a1/wallonia_2023_fr.pdf
https://unhabitat.org/sites/default/files/2024/08/west_java_2024_en.pdf,precompute-data/download_vlr_pdfs/downloads/9f00c6eb/west_java_2024_en.pdf
https://unhabitat.org/sites/default/files/2024/08/west_pokot_2024_en.pdf,precompute-data/download_vlr_pdfs/downloads/3a3cdf89/west_pokot_2024_en.pdf
https://unhabitat.org/sites/default/files/2024/10/chandragiri_2024_en.pdf,precompute-data/download_vlr_pdfs/downloads/d5421990/chandragiri_2024_en.pdf
https://unhabitat.org/sites/default/files/2024/10/everyone_can_flourish_on_the_island_of_peace_-_aland_voluntary_review_2024_1.pdf,precompute-data/download_vlr_pdfs/downloads/b24ae605/everyone_can_flourish_on_the_island_of_peace_-_aland_voluntary_review_2024_1.pdf
https://www.iges.or.jp/sites/default/files/2024-01/2021%20-%20Jakarta.pdf,precompute-data/download_vlr_pdfs/downloads/a059fb7a/2021%20-%20Jakarta.pdf
https://www.iges.or.jp/sites/default/files/2024-01/2023%20-%20Taipei_s.pdf,precompute-data/download_vlr_pdfs/downloads/d9b8cf2d/2023%20-%20Taipei_s.pdf
https://www.iges.or.jp/sites/default/files/2024-02/2023%20-%20Fuerstenfeldbruck_German.pdf,precompute-data/download_vlr_pdfs/downloads/50ddb75b/2023%20-%20Fuerstenfeldbruck_German.pdf
https://www.iges.or.jp/sites/default/files/2024-04/2023%20-%20Barcelona_Catalan.pdf,precompute-data/download_vlr_pdfs/downloads/a63142a5/2023%20-%20Barcelona_Catalan.pdf
https://www.iges.or.jp/sites/default/files/2024-04/2023%20-%20Barcelona_Spanish.pdf,precompute-data/download_vlr_pdfs/downloads/5cd3b0a4/2023%20-%20Barcelona_Spanish.pdf
https://www.iges.or.jp/sites/default/files/2024-07/2023 - Jambi_English.pdf,precompute-data/download_vlr_pdfs/downloads/2ea7e507/2023 - Jambi_English.pdf
https://www.iges.or.jp/sites/default/files/2024-07/2024%20-%20Sado%20City_Japanese.pdf,precompute-data/download_vlr_pdfs/downloads/c79821dd/2024%20-%20Sado%20City_Japanese.pdf
https://www.iges.or.jp/sites/default/files/2024-10/2023%20-%20Pittung.pdf,precompute-data/download_vlr_pdfs/downloads/7ecdbb05/2023%20-%20Pittung.pdf
https://www.iges.or.jp/sites/default/files/inline-files/2019%20-%20Helsinki.pdf,precompute-data/download_vlr_pdfs/downloads/fc462251/2019%20-%20Helsinki.pdf
https://www.iges.or.jp/sites/default/files/inline-files/2019%20-%20La%20Paz.pdf,precompute-data/download_vlr_pdfs/downloads/44e9f67c/2019%20-%20La%20Paz.pdf
https://www.iges.or.jp/sites/default/files/inline-files/2020%20-%20Cordoba%20-%20Spanish.pdf,precompute-data/download_vlr_pdfs/downloads/9b792d2d/2020%20-%20Cordoba%20-%20Spanish.pdf
https://www.iges.or.jp/sites/default/files/inline-files/2020%20-%20Espoo.pdf,precompute-data/download_vlr_pdfs/downloads/ef7cbb89/2020%20-%20Espoo.pdf
https://www.iges.or.jp/sites/default/files/inline-files/2020%20-%20Hawai%E2%80%98i.pdf,precompute-data/download_vlr_pdfs/downloads/43642f0f/2020%20-%20Hawai%E2%80%98i.pdf
https://www.iges.or.jp/sites/default/files/inline-files/2020%20-%20Pittsburgh.pdf,precompute-data/download_vlr_pdfs/downloads/ef81246c/2020%20-%20Pittsburgh.pdf
https://www.iges.or.jp/sites/default/files/inline-files/2020%20-%20Turku.pdf,precompute-data/download_vlr_pdfs/downloads/3ac435f4/2020%20-%20Turku.pdf
https://www.iges.or.jp/sites/default/files/inline-files/2020%20VLR%20Province%20of%20Jaen.pdf,precompute-data/download_vlr_pdfs/downloads/068c411a/2020%20VLR%20Province%20of%20Jaen.pdf
https://www.iges.or.jp/sites/default/files/inline-files/2021%20-%20Ghent.pdf,precompute-data/download_vlr_pdfs/downloads/edd43b78/2021%20-%20Ghent.pdf
https://www.iges.or.jp/sites/default/files/inline-files/2021%20-%20Karatay%20v2.0.pdf,precompute-data/download_vlr_pdfs/downloads/bc20a4b1/2021%20-%20Karatay%20v2.0.pdf
https://www.iges.or.jp/sites/default/files/inline-files/2021%20-%20Madrid.pdf,precompute-data/download_vlr_pdfs/downloads/a99c580f/2021%20-%20Madrid.pdf
https://www.iges.or.jp/sites/default/files/inline-files/2021%20-%20Orlando.pdf,precompute-data/download_vlr_pdfs/downloads/c62babeb/2021%20-%20Orlando.pdf
https://www.iges.or.jp/sites/default/files/inline-files/2021%20-%20Shah%20Alam.pdf,precompute-data/download_vlr_pdfs/downloads/a0b6b091/2021%20-%20Shah%20Alam.pdf
https://www.iges.or.jp/sites/default/files/inline-files/2021%20-%20Sultanbeyli%2C%20English.pdf,precompute-data/download_vlr_pdfs/downloads/50911307/2021%20-%20Sultanbeyli%2C%20English.pdf
https://www.iges.or.jp/sites/default/files/inline-files/2021%20-%20Suwon.pdf,precompute-data/download_vlr_pdfs/downloads/8e88341e/2021%20-%20Suwon.pdf
https://www.iges.or.jp/sites/default/files/inline-files/2021%20-%20Tokyo.pdf,precompute-data/download_vlr_pdfs/downloads/eca7f2f5/2021%20-%20Tokyo.pdf
https://www.iges.or.jp/sites/default/files/inline-files/2021%20-%20Vantaa.pdf,precompute-data/download_vlr_pdfs/downloads/af8e8693/2021%20-%20Vantaa.pdf
https://www.iges.or.jp/sites/default/files/inline-files/2021%20-%20Yokohama.pdf,precompute-data/download_vlr_pdfs/downloads/f71bac45/2021%20-%20Yokohama.pdf
https://www.iges.or.jp/sites/default/files/inline-files/2021%20-%20Yunlin%20County_m.pdf,precompute-data/download_vlr_pdfs/downloads/7c69eb31/2021%20-%20Yunlin%20County_m.pdf
https://www.iges.or.jp/sites/default/files/inline-files/2021%20Taipei%20City%20Voluntary%20Local%20Review.pdf,precompute-data/download_vlr_pdfs/downloads/a3e00353/2021%20Taipei%20City%20Voluntary%20Local%20Review.pdf
https://www.iges.or.jp/sites/default/files/inline-files/2021-Kelowna.pdf,precompute-data/download_vlr_pdfs/downloads/eb2298af/2021-Kelowna.pdf
https://www.iges.or.jp/sites/default/files/inline-files/2022%20-%20Amman.pdf,precompute-data/download_vlr_pdfs/downloads/dfb3e989/2022%20-%20Amman.pdf
https://www.iges.or.jp/sites/default/files/inline-files/2022%20-%20Atenas.pdf,precompute-data/download_vlr_pdfs/downloads/d1a2d29d/2022%20-%20Atenas.pdf
https://www.iges.or.jp/sites/default/files/inline-files/2022%20-%20Belen.pdf,precompute-data/download_vlr_pdfs/downloads/18a66539/2022%20-%20Belen.pdf
https://www.iges.or.jp/sites/default/files/inline-files/2022%20-%20Gladsaxe.pdf,precompute-data/download_vlr_pdfs/downloads/2e8379c7/2022%20-%20Gladsaxe.pdf
https://www.iges.or.jp/sites/default/files/inline-files/2022%20-%20Kiel.pdf,precompute-data/download_vlr_pdfs/downloads/eda96720/2022%20-%20Kiel.pdf
https://www.iges.or.jp/sites/default/files/inline-files/2022%20-%20Puriscal.pdf,precompute-data/download_vlr_pdfs/downloads/4b17df02/2022%20-%20Puriscal.pdf
https://www.iges.or.jp/sites/default/files/inline-files/2022%20-%20Sarchi.pdf,precompute-data/download_vlr_pdfs/downloads/96290f4c/2022%20-%20Sarchi.pdf
https://www.iges.or.jp/sites/default/files/inline-files/2022%20-%20Seodaemun-gu.pdf,precompute-data/download_vlr_pdfs/downloads/59bbc444/2022%20-%20Seodaemun-gu.pdf
https://www.iges.or.jp/sites/default/files/inline-files/2022%20-%20Winnipeg.pdf,precompute-data/download_vlr_pdfs/downloads/295f7c85/2022%20-%20Winnipeg.pdf
https://www.iges.or.jp/sites/default/files/inline-files/2022%20Suwon%20SDG%20Report.pdf,precompute-data/download_vlr_pdfs/downloads/7b5dfa49/2022%20Suwon%20SDG%20Report.pdf
https://www.iges.or.jp/sites/default/files/inline-files/2023%20-%20Hawai%27i.pdf,precompute-data/download_vlr_pdfs/downloads/a8147f7e/2023%20-%20Hawai%27i.pdf
https://www.iges.or.jp/sites/default/files/inline-files/2023%20-%20Helsinki.pdf,precompute-data/download_vlr_pdfs/downloads/e29fdf2d/2023%20-%20Helsinki.pdf
https://www.iges.or.jp/sites/default/files/inline-files/2023%20-%20Mafra.pdf,precompute-data/download_vlr_pdfs/downloads/596162ca/2023%20-%20Mafra.pdf
https://www.iges.or.jp/sites/default/files/inline-files/2023%20-%20Sepang.pdf,precompute-data/download_vlr_pdfs/downloads/cae768ee/2023%20-%20Sepang.pdf
https://www.iges.or.jp/sites/default/files/inline-files/2023%20-%20Shinan-gun.pdf,precompute-data/download_vlr_pdfs/downloads/e4d62ab3/2023%20-%20Shinan-gun.pdf
https://www.iges.or.jp/sites/default/files/inline-files/Barcelona%E2%80%99s%202030%20Agenda%20-%20SDG%20targets%20and%20key%20indicators_0.pdf,precompute-data/download_vlr_pdfs/downloads/36440cf9/Barcelona%E2%80%99s%202030%20Agenda%20-%20SDG%20targets%20and%20key%20indicators_0.pdf
https://www.iges.or.jp/sites/default/files/inline-files/Dangjin%20VLR_0.pdf,precompute-data/download_vlr_pdfs/downloads/8db461ce/Dangjin%20VLR_0.pdf
https://www.iges.or.jp/sites/default/files/inline-files/taoyuan%2Bcity%2Bvlr.pdf,precompute-data/download_vlr_pdfs/downloads/ecb7f57d/taoyuan%2Bcity%2Bvlr.pdf
https://www.local2030.org/pdf/vlr/EspooVLR2020Web.pdf,precompute-data/download_vlr_pdfs/downloads/6259aeca/EspooVLR2020Web.pdf
https://www.local2030.org/pdf/vlr/aloha2020.pdf,precompute-data/download_vlr_pdfs/downloads/576de24a/aloha2020.pdf
https://www.local2030.org/pdf/vlr/helsinki-city-2019.pdf,precompute-data/download_vlr_pdfs/downloads/2309f6f3/helsinki-city-2019.pdf
https://www.local2030.org/pdf/vlr/mannheim-vlr-2020.pdf,precompute-data/download_vlr_pdfs/downloads/ca146fd3/mannheim-vlr-2020.pdf
https://www.local2030.org/pdf/vlr/tapei-voluntary-local-review-2020.pdf,precompute-data/download_vlr_pdfs/downloads/b56b208f/tapei-voluntary-local-review-2020.pdf
https://www.local2030.org/pdf/vlr/vlr-city-of-turku-finland-2020.pdf,precompute-data/download_vlr_pdfs/downloads/114dfa4b/vlr-city-of-turku-finland-2020.pdf
https://www.local2030.org/pdf/vlr/yucatan-2020-min.pdf,precompute-data/download_vlr_pdfs/downloads/f2f75616/yucatan-2020-min.pdf
