PDF_URL,Local_File_Path,Hash
https://sdgs.un.org/sites/default/files/vlrs/2021-06/las_voluntary_local_review_of_sdgs_2019.pdf,,79373c2f4f6f6217b8495b89c1b1512ca85f26160edf4de52cbd401a005a29ab
https://sdgs.un.org/sites/default/files/vlrs/2021-06/vlr_ba_2020_eng.pdf,,c265c9c21492e6cf5bfd5410117a3efdf35f7176e99fcfcb69df4ef8af13e507
https://sdgs.un.org/sites/default/files/vlrs/2022-05/pittsburgh_vlr2020.pdf,,6ad102ecee28c9e2cf449234a9d138851dd219ae70fa370bc6bb9e43c759c3a5
https://sdgs.un.org/sites/default/files/vlrs/2024-07/voluntary_subnational_review_nordic_region_2024_1.pdf,,ac4e84d50d50340af3c5a3483f32fcba51b1ccf4633026174bf3edad35c7d4d8
https://sdgs.un.org/sites/default/files/vlrs/2024-07/voluntary_subnational_review_nordic_region_2024_2.pdf,,ac4e84d50d50340af3c5a3483f32fcba51b1ccf4633026174bf3edad35c7d4d8
https://sdgs.un.org/sites/default/files/vlrs/2024-07/voluntary_subnational_review_nordic_region_2024_3.pdf,,ac4e84d50d50340af3c5a3483f32fcba51b1ccf4633026174bf3edad35c7d4d8
https://sdgs.un.org/sites/default/files/vlrs/2024-07/voluntary_subnational_review_nordic_region_2024_4.pdf,,ac4e84d50d50340af3c5a3483f32fcba51b1ccf4633026174bf3edad35c7d4d8
https://unhabitat.org/sites/default/files/2021/06/barcarena_2017_pt_1.pdf,,3d5d2c022bc2d6f50c6bce82bb25ec6717d309bff8a50c067e78c2e21699bff6
https://unhabitat.org/sites/default/files/2021/06/basque_country_2017_eu.pdf,,cd8117190e9d61eac34a5d7d25e52007cb92185a1289b960bbcb96aca9b50614
https://unhabitat.org/sites/default/files/2021/06/basque_country_2018_en.pdf,,03a870dccafa01c83dcc2568d30bb383a8b0a654438e54dec27818853f66389b
https://unhabitat.org/sites/default/files/2021/06/bristol_2019_en.pdf,,773e3b0008f03181cde0a21f6410ea137682f06538b33f3f38de5c012764be0b
https://unhabitat.org/sites/default/files/2021/06/buenos_aires_2019_en.pdf,,f011131be692af8f28a09a89ea57327af85c14b2316232705f49483d8b64862f
https://unhabitat.org/sites/default/files/2021/06/cauayan_city_2017_en.pdf,,9e72c9f443e3abb1f54d89ebf8d7e36f89b9042920b07ec61679e860536860fc
https://unhabitat.org/sites/default/files/2021/06/ghent_2020_en.pdf,,ca01b88bef0cfdb50f5b60d48bc7dbe682503241ad74535f606b1dea8c781d86
https://unhabitat.org/sites/default/files/2021/06/gladsaxe_2021_en.pdf,,5403ad1dda077e45c05f62c622dba988fe7a5adb04e080d96dc8c126ccc97e9d
https://unhabitat.org/sites/default/files/2021/06/los_angeles_2019_en.pdf,,79373c2f4f6f6217b8495b89c1b1512ca85f26160edf4de52cbd401a005a29ab
https://unhabitat.org/sites/default/files/2021/06/mannheim_2019_en.pdf,,3da061a6d76baf6ed5cc0dd04d8bcdae07a02719b3af6f756f2df0c6304f0845
https://unhabitat.org/sites/default/files/2021/06/new_york_2019_en.pdf,,827976a69df4872f3d66ab9822dc4a56719b17022438bd6e231ad7613c6a042d
https://unhabitat.org/sites/default/files/2021/06/north_rhine_westphalia_2016_en.pdf,,990c313b145bee1c39239afb1d028d11c625add1f3012d028a83ea436ff02243
https://unhabitat.org/sites/default/files/2021/06/para_2020_en.pdf,,8fef9eb4c98319b4923279e6a2e638e1b40033b32c0205ae2e56474158b83232
https://unhabitat.org/sites/default/files/2021/06/santana_de_parnaiba_2019_pt_1.pdf,,d5fd93d156f1a575a06e7a6447257728b8e9a46e256e14a6df8639fb44577bc6
https://unhabitat.org/sites/default/files/2021/06/suwon_2018_en.pdf,,c3e82e32bb3acd58fd443170ed2e8ffc2d578e2c09f216f47502b8984f659039
https://unhabitat.org/sites/default/files/2021/06/toyama_2018_en.pdf,,f4454b6812ad4cc95dd44d72b563598aa98946cb67ee80ea6083363248f3651f
https://unhabitat.org/sites/default/files/2021/06/turku_2020_en.pdf,,cab9ac39bfb97c16cc107197ea86cf97293c6c1649fe4cb82feeac7d7cd7c1f5
https://unhabitat.org/sites/default/files/2021/06/valencia_region_2016_en.pdf,,cdf1af62335321ba13cbbcb1cd45161581e72f9dea9c09ae373f9df63abdfe20
https://unhabitat.org/sites/default/files/2021/07/asker_2021_en.pdf,,addd9571db6adbce6ad1bd96f187f91f03a0c47f415254929eb439fc82ee2161
https://unhabitat.org/sites/default/files/2021/07/bonn_2020_en.pdf,,899b6ddcbd39a537682c9f00ebdd17564a96b5838b67748dd3c5172e936a2354
https://unhabitat.org/sites/default/files/2021/07/helsingborg_2021_en.pdf,,a04b51e0a19eb57eb864d03399016db24f64c3a6c8f2f8ac6ce4c28445607fbc
https://unhabitat.org/sites/default/files/2021/07/malmo_2021_en.pdf,,932d3b5bfb1791a91069aa60c1479a9eb9f7d19a4dbaa2c5ab13ad50ac242e46
https://unhabitat.org/sites/default/files/2021/07/vlr_agenda2030.pdf,,b05625832c890f5d282a9a610b8de2ffa38cac8e47c9bda94ab7ab9d4bab56a3
https://unhabitat.org/sites/default/files/2021/07/vlr_sdgs_shah_alam.pdf,,4855d6338297b96a77970bbfd3ad3ba0f9a768062d0e08426723a06655c02f0e
https://unhabitat.org/sites/default/files/2021/09/guadalajara_2021_es.pdf,,582b0ce0723561cd8b4fac339730d87033cec04b1a36e4a09327f0dd26be1904
https://unhabitat.org/sites/default/files/2021/09/helsinki_2021_en.pdf,,aba65475794e4a66d59eca309b491d70b847bf87ac1167228e448ef1d4caaff6
https://unhabitat.org/sites/default/files/2021/09/tabasco_2021_es.pdf,,9a2d863ebe66503047491c107f0a34336aeea83140e320257ee62405faf51903
https://unhabitat.org/sites/default/files/2021/10/basque_country_2019_en.pdf,,8765023b6a0bfde1327810d0b3395d7d73fb7bbd4b11166320dd4f3d2439e234
https://unhabitat.org/sites/default/files/2021/10/para_2021_en_1.pdf,,0db858f91a3c9aba47bf477bbf34d01b506bfb256eccb5dfb6ff68c9980e437d
https://unhabitat.org/sites/default/files/2021/12/lima_2021_es.pdf,,5bd84c75ab9a066d65aa1ffac0976473a6aada093faa7b9276735fd6e0586064
https://unhabitat.org/sites/default/files/2021/12/shkodra_2021_sq.pdf,,286c9b02175a1ce3fb072e7fbd024b75d0c230a4266b0e7436960128aab8e5c2
https://unhabitat.org/sites/default/files/2021/12/skiathos_2020_en.pdf,,1a91fc3fbce0cd71cf92f482ef67fd66944be4aa9fcaa277d57b42888454e4f5
https://unhabitat.org/sites/default/files/2021/12/vantaa_2021_en.pdf,,86fa2dcfd93b30a966ed0fa111208a796f5b190e339b6e52ab28ac66e1028664
https://unhabitat.org/sites/default/files/2021/12/yiwu_2021_en.pdf,,a0441e259982df3ea93db3a5bb75a14ee0dc9713372a9e7e37a932642059fd8f
https://unhabitat.org/sites/default/files/2022-07/barcelona_2021_en.pdf,,aa124ff7d52bf7329073d506604489a80d6a7d08a654be78cdb033f43a8ca1b2
https://unhabitat.org/sites/default/files/2022-07/basque_country_2021_es.pdf,,83c2bc90320b15cc8976d7913febc5903fa0e72303d9c1d7d8c11bccf5c23bd0
https://unhabitat.org/sites/default/files/2022-07/cape_town_2021_en.pdf,,07fa2b6092be30e7844f23ebac7de0705575bead9a4ec3e608a46e56aa31eb49
https://unhabitat.org/sites/default/files/2022-07/cordoba_2022_en.pdf,,4b95644834db3c0bb5c77412656d376dd13e26b452bb840ecd4b9e48a0d1f3f2
https://unhabitat.org/sites/default/files/2022-07/sao_paulo_2021_en.pdf,,ade86f9952a3fe430cd0e27d8ceed1417f8b2a0fc1003daa427f67744e640838
https://unhabitat.org/sites/default/files/2022-07/stuttgart_2021_en.pdf,,2906294042282ada3af44240a823194408b08da4887129ddf524b34471807725
https://unhabitat.org/sites/default/files/2022/06/tampere_2022_en.pdf,,a1e7c715a3bfb98e22f11317cd371f525e5f9f6d8ca7d1803e9e8a381a93a69f
https://unhabitat.org/sites/default/files/2022/08/seodaemun-gu_2021_en_2.pdf,,1312cca1804e3d921c41c64328a19aeaf925ed57fd9a6eb795426d38af208bae
https://unhabitat.org/sites/default/files/2022/08/vicuna_mackenna_2021_es.pdf,,fcc9f5066bbe53cbdf66e7ab08c5dabafc886d0537d742a55a06c97289366297
https://unhabitat.org/sites/default/files/2022/09/bonn_2022_en_1.pdf,,76dfb4b0014ed9691ea98ac4bbb3bcec9ec29f73c207a51444bce0f5aaf0bc3a
https://unhabitat.org/sites/default/files/2022/09/kiel_2022_en.pdf,,729b444b5207f8ffcfcc9eff9ff67f7e2daf29e0d62fdef8441e291bee2c2ac2
https://unhabitat.org/sites/default/files/2022/10/ghent_2021_en.pdf,,14b743713ea5e55231b1f9eea9668ba3a26fd836850093a84ef75f09ce20ac13
https://unhabitat.org/sites/default/files/2022/10/pereira_2022_es.pdf,,4aae81bf8508b797de111914e2c0b802501bc5ec680e4922a7f59b9bc7726cd7
https://unhabitat.org/sites/default/files/2022/10/suwon_2021_en_1.pdf,,6c39af5dc79116d176cc11655eae2e289b12bba6605181c16ca61068bf0de9c4
https://unhabitat.org/sites/default/files/2022/10/winnipeg_2021_en.pdf,,fd23efef164be56ea52a59b2bfb2fee8bf9636c89a60342bf949448c2958bda9
https://unhabitat.org/sites/default/files/2022/11/cordoba_2022_es.pdf,,a4680f454e63a3506a8103ef0ef80ec10f47547461c7ff6c5c25b24b61aebe37
https://unhabitat.org/sites/default/files/2022/11/para_2022_en.pdf,,a24ffa9e2b5c02a664165184e10f91c00a95fff4db72359f4d10f28b12c52091
https://unhabitat.org/sites/default/files/2022/12/barueri_2022_pt.pdf,,55f206af63adae1f46344e156e1baeec667aedf14d7d3836438c0c499092c192
https://unhabitat.org/sites/default/files/2022/12/salta_2021_es.pdf,,05a81673c1bfb12ce19d187deaa0bc922d65868b4132b272c6ff0ad357c42c0a
https://unhabitat.org/sites/default/files/2023/03/atenas_2023_es.pdf,,2913670a0db469b28deeb718182f73636927fb0dd119dbd9a9a646238066edec
https://unhabitat.org/sites/default/files/2023/03/belen_2023_es.pdf,,3a656e8ad14861dcf9cc9fcf97ba2d5917bfcfef0213242590e0a2e371aa6cfd
https://unhabitat.org/sites/default/files/2023/03/bragado_2021_es.pdf,,43a6aa78ef13dcc82b0b90e171109bec04c0fb4bb00137c2da4dd4f407e845f4
https://unhabitat.org/sites/default/files/2023/03/catamarca_2021_es.pdf,,315f35dfd963b37b3df6119f95ee9a8ff410c234ff3881f7dcab2221316859ce
https://unhabitat.org/sites/default/files/2023/03/chaco_2021_es.pdf,,4a506e46868b3b922b4b94350ff83242fb7c3e3c26bb7727d2e63c224ab0a533
https://unhabitat.org/sites/default/files/2023/03/chubut_2021_es.pdf,,cbe6e4ebdb9448396fe8b849977e289afefce63bee78e0147f2437ca6b8ea932
https://unhabitat.org/sites/default/files/2023/03/corrientes_2022_es.pdf,,f5cd0397eb03a2f7aec35762bca51eac3a65a884b8b3029a207fd2791aa8916f
https://unhabitat.org/sites/default/files/2023/03/entre_rios_2021_es.pdf,,a0550d41f2227b4df20099cf8715fc4d042481a2b108ea501ec7d4a036c8e55d
https://unhabitat.org/sites/default/files/2023/03/escazu_2023_es_1.pdf,,ed5b62d605ce61aa5f09462081d5d9959d0e37d5530f165c7e627a1b424eae79
https://unhabitat.org/sites/default/files/2023/03/ghent_2022_en.pdf,,67660adc33606857efb941dcfb54e7df6617c5a5a99fa11183d934b8bf641025
https://unhabitat.org/sites/default/files/2023/03/gladsaxe_2022_en.pdf,,ef5df42b11e6add955b63ed98273d54317b66ccfa989c51a99dbc22ee8e27cea
https://unhabitat.org/sites/default/files/2023/03/la_costa_2022_es.pdf,,cf6f7b570d7d2bec9dade0b2656731efc025c4365123800e1ba67bc82da7b4b3
https://unhabitat.org/sites/default/files/2023/03/la_pampa_2021_es.pdf,,b428d5cbc35e3b06ca3d1e821f3b660d0673aa7784321fec5d6b24c41cda36d2
https://unhabitat.org/sites/default/files/2023/03/la_rioja_2021_es.pdf,,446cc8b9bd73a8e3106597dfd14866b5beaaa8ab076d23f7b0cb2d637962c49e
https://unhabitat.org/sites/default/files/2023/03/misiones_2021_es.pdf,,2aaa6e4110e28428161020c308fc5c3f50235a028e035ff80893f2d7e239b4ed
https://unhabitat.org/sites/default/files/2023/03/neuquen_2022_es.pdf,,d6e7fee470ae9420b0000dfa425d2aabcd3acc6b25cd340a038f852232e2876c
https://unhabitat.org/sites/default/files/2023/03/puriscal_2023_es.pdf,,da6aba5b2e9970011eced23c590ee2c90e6c7ae05c5a7a2faaef79d61ea83baa
https://unhabitat.org/sites/default/files/2023/03/rio_grande_2022_es.pdf,,4eb8a63b12695387657f723ab7db7c597858b9201ace23c0f7465e1d4a9bd531
https://unhabitat.org/sites/default/files/2023/03/san_juan_2021_es.pdf,,7de1f4173608c851508e3955d44f2dabf079486cc0fb6fc50d1ca461ab90baaa
https://unhabitat.org/sites/default/files/2023/03/santa_fe_2021_es.pdf,,43dd8913f7210ad431c5b1e82d58707c42bdf3a8513817d131c0e1ce68bbc4ab
https://unhabitat.org/sites/default/files/2023/03/sarchi_2023_es.pdf,,3ed5ae25d33cd69a8c8ddd3827576e9442f6e0062c7651f1af68065b4603ba1f
https://unhabitat.org/sites/default/files/2023/03/tierra_del_fuego_2022_es.pdf,,1a4a6d0b046dca6988118cfc325c7ca7f05bffdffc8985cfa540a8910ec5282e
https://unhabitat.org/sites/default/files/2023/03/tucuman_2021_es.pdf,,300d985f5bdca493c84b2396a66c384ada8a43b504995112ec986fab53a9693e
https://unhabitat.org/sites/default/files/2023/03/viken_2021_en.pdf,,ead2ffe87ca47bca210bee8ca9de2665619b12329e4752b32121532edefc4784
https://unhabitat.org/sites/default/files/2023/03/yerba_buena_2022_es.pdf,,b43b417008b7f31ffbafc476a595d4e3a381d10e21931d12764c2e7b090cf875
https://unhabitat.org/sites/default/files/2023/04/barcelona_2022_cat.pdf,,35c36a402bbf436c4b0c3740121a73d2a7ebb82b0109a53c3be12ce54d1c0988
https://unhabitat.org/sites/default/files/2023/04/barcelona_2022_en.pdf,,21d5c6fe41d9a1e4d9ef03817e4acf95050d1487ce95982d9a3444c6b95c97fb
https://unhabitat.org/sites/default/files/2023/04/barcelona_2022_es.pdf,,d4c7dad71dee7350d671cc7d1826e3ef3323c2f236c6d87e59aa1a020cb1dbee
https://unhabitat.org/sites/default/files/2023/04/basque_country_2022_es.pdf,,77fa2b8e6583b1d1268f0958cb1ec5023f2d76218365ca5dd9bc14479386b297
https://unhabitat.org/sites/default/files/2023/04/london_2021_en.pdf,,2475bc120d27c70cd061412fa7758feb07c2f5844fc72ed4a759ade05279f79e
https://unhabitat.org/sites/default/files/2023/04/sao_paulo_state_2022_pt.pdf,,07227b9e3bbc8fef41dab182f007f0e74fd118d0c3cf85759787e45b0f50bb12
https://unhabitat.org/sites/default/files/2023/05/agenda_ebc2030.pdf,,cd8117190e9d61eac34a5d7d25e52007cb92185a1289b960bbcb96aca9b50614
https://unhabitat.org/sites/default/files/2023/05/barcelona_agenda2030_metas_indicadores_clave_spanish.pdf,,c368eb4fbaf359f99dd60416d486f47a6293bd065cfb2a7166e926d775259bee
https://unhabitat.org/sites/default/files/2023/05/the-region-of-valencia-and-the-local-implementation-of-the-sdgs-a-region-committed-to-cooperation-and-the-2030-agenda-for-sustainable-development.pdf,,cdf1af62335321ba13cbbcb1cd45161581e72f9dea9c09ae373f9df63abdfe20
https://unhabitat.org/sites/default/files/2023/06/cascais_2022_en.pdf,,0655366bdefc36171d19ef4d0bd3a61c16d863a537e66c5cac392214e9671e8d
https://unhabitat.org/sites/default/files/2023/06/mwanza_2023_en.pdf,,8fd8911324433fba275cbfb555ee2e672dd398b053e79da50191eac3c8af767e
https://unhabitat.org/sites/default/files/2023/07/buenos_aires_2023_en.pdf,,c21ab66cf136537681d9b59ab8aa00c6a753176c78fe2d7b190d5fa1d848eb88
https://unhabitat.org/sites/default/files/2023/07/buenos_aires_2023_es.pdf,,4cc01232d8e4d95287308cc606dd59b9930d20ce63aabe4237c0601227785d55
https://unhabitat.org/sites/default/files/2023/07/helsinki_2023_en.pdf,,b5d6cf3403f1de877ca9a0acd3f05c9f01a1bbc1ca72b496bb02d05560a327c9
https://unhabitat.org/sites/default/files/2023/07/sepang_2023_en.pdf,,734649b555bfefcbf21bd87d9a467b6f47469718a2e32d42b71fe5720f0c11c3
https://unhabitat.org/sites/default/files/2023/07/tizayuca_2023_es.pdf,,d501bd13e4d221cff420f110945fd69e81d59a86e14fec97f809117eced4df21
https://unhabitat.org/sites/default/files/2023/07/tokyo_2023_en.pdf,,bc3e6b1cca8a8f8b1e3abb1c8662c191377b003ab407c06553f4f6d1ede9335a
https://unhabitat.org/sites/default/files/2023/08/vantaa_2023_en.pdf,,18602103aac5374bb60623eecee5615edcb1f25cdf4d9e5f3a50efaac4dddb90
https://unhabitat.org/sites/default/files/2023/09/hawaii_2023_en_1.pdf,,c25ae684bab03159a4bbd683a9d5a6a6b5408e81b75e4f97fc3e1d4a226e6f34
https://unhabitat.org/sites/default/files/2023/09/mafra_2023_en.pdf,,1c6c013c36d45beb1b7f55c32e6a76503cf84f749dc5d469b18644c46c009417
https://unhabitat.org/sites/default/files/2023/09/montevideo_2022_es.pdf,,36f17482d1c48b4dd8957c1f4cab6e30cbffe2f990b868ff31a7a0441ae8564d
https://unhabitat.org/sites/default/files/2023/09/montevideo_2023_es.pdf,,95782e30d7049f478000a23b348268778fc27a5f821aaa5cdb9cfe9577a03715
https://unhabitat.org/sites/default/files/2023/10/agadir_2023_en.pdf,,8bf99ee2427a76de8cd5cb68ec5e934896a7fbc37cbc070e97646a1e6655cb88
https://unhabitat.org/sites/default/files/2023/10/agadir_2023_fr.pdf,,3b7617ad5973e85d107144df7d3c3cc403db37c61ef6a282583502dc113163de
https://unhabitat.org/sites/default/files/2023/10/dortmund_2022_en.pdf,,30b3bd932728cedfe7d57eaa48ff9da124dccec6af85cb05b2913f7a3f1c11c1
https://unhabitat.org/sites/default/files/2023/10/filadelfia_paraguay_2022_es.pdf,,eef79054e4efccad98a13c5f6d6bda01f7390ee6b9d8c25ea29288b07e6bae13
https://unhabitat.org/sites/default/files/2023/10/oaxaca_2022_es.pdf,,e076d690bf905e2993167ffbac43bfc3d4b577234cdbde3f03179dd8b1810f68
https://unhabitat.org/sites/default/files/2023/10/selangor_2022_en.pdf,,07113980cc5a1970992e959404fa30f713f4a3ea620b298e33ccc4a2568cf075
https://unhabitat.org/sites/default/files/2023/10/yangzhou_2021_en.pdf,,6aa7f3e7b1ad6e612d4da926719dfb1adc25e0da40684b37e9ee10a23f56109a
https://unhabitat.org/sites/default/files/2023/11/bergen_no_2021.pdf,,9e9d66e93aac480671876fc135b400cabfd2392bc39f90b3971bb54a815368fb
https://unhabitat.org/sites/default/files/2023/11/bergen_no_2023.pdf,,6e94dad30245f51efb345f775770d6187727dd57075a6dfbd57355f9252fe59c
https://unhabitat.org/sites/default/files/2024/01/kibaha_2023_en.pdf,,4a898cda1fc98098fb8047154834bfb5aad210b113eebd5b4ed3d43e589f3614
https://unhabitat.org/sites/default/files/2024/07/2023_-_lviv_english.pdf,,275d5604968a7ac64ca9712d1c8569a13d70ac7f981ce9d36874396f50626153
https://unhabitat.org/sites/default/files/2024/07/emboreet_village_manyara_2023.pdf,,ab5b1f3e03db8a6bd32bc7d43b2c537111af8a2762927025d71f3dbf045a3b83
https://unhabitat.org/sites/default/files/2024/07/francisco_morato_2023_0.pdf,,e92b595f7534da3d554480cc3f30c2a12cf9eddf9eb4dd479d627ceab0aac0bc
https://unhabitat.org/sites/default/files/2024/07/ilv_sf_rincon_2023.pdf,,732f01b6fc7aaea466b3eea00343eaf592356c6b51c6fb2f141988e59c4d28d5
https://unhabitat.org/sites/default/files/2024/07/matosinhos_2023.pdf,,a0650d6ab9f9c17be02140bcd6a32c0ce8df07923e6c081f61006f89e4274056
https://unhabitat.org/sites/default/files/2024/08/almaty_2023_en.pdf,,f4659add677793d4f62cf0dfad5d47247af65137f9c115a5f62e0711399c03b3
https://unhabitat.org/sites/default/files/2024/08/braga_2019_en.pdf,,f4a3284a8c8922dc5984b3f114918238a4799206bd4a9478b37cb43c2f379773
https://unhabitat.org/sites/default/files/2024/08/canelones_2022_es.pdf,,da8c8736a3f817e754431abd3996872c129405d9022d1f4f0ff7c151c3d9ee84
https://unhabitat.org/sites/default/files/2024/08/chiapas_2023_es.pdf,,34e371237b49615b6ca4b4af1a11bb66c8c693a6519f477ba258114dd53ef7da
https://unhabitat.org/sites/default/files/2024/08/dki_jakarta_2021_en.pdf,,9df51f0400c509bbfe0c6a97e0e2e281037eb986b95a63fb6eeff79cb42efdc6
https://unhabitat.org/sites/default/files/2024/08/freiburg_2024_en.pdf,,542b009ec98eae1159c289b1ed759199675f24e7f074808e7e0b531a6cc3c012
https://unhabitat.org/sites/default/files/2024/08/guangzhou_2021_en.pdf,,ed28447ca37bee7aa260aafb121974893404f36889c3df01b2bc7934c5a9d19f
https://unhabitat.org/sites/default/files/2024/08/istanbul_2022_en.pdf,,4af327a9cdafc0285f91b7da3a91e27cea45b62bbd5b0b8a5168258b5f7d4655
https://unhabitat.org/sites/default/files/2024/08/lviv_2023_en.pdf,,275d5604968a7ac64ca9712d1c8569a13d70ac7f981ce9d36874396f50626153
https://unhabitat.org/sites/default/files/2024/08/lviv_2023_ukr.pdf,,8ae70e8457e17aa334b6db7dbb1ae0ec1c7a718fa78e138e4bff1acb661f3a06
https://unhabitat.org/sites/default/files/2024/08/manabi_2024_es.pdf,,b6290e199da94f9ee121d73236476f6075d2e0d6461e949e80c35e6e40f262f3
https://unhabitat.org/sites/default/files/2024/08/montevideo_2024_es.pdf,,35159213ee6d7fa41fa8edf95fdfabe846d204cbc0572087ab15b3bf8d4acb84
https://unhabitat.org/sites/default/files/2024/08/municipalities_of_mozambique_2020_en.pdf,,f1e67b49fe235e21ca50cbea09ab3543bdd5c97d16c8e1c430f10e672f24c1b7
https://unhabitat.org/sites/default/files/2024/08/municipios_de_mocambique_2020_pt.pdf,,9de1c960b6ca82ab0f805e902e08df683253c4065e912ff863d3d8e303eb1422
https://unhabitat.org/sites/default/files/2024/08/mwanza_2022_en.pdf,,8fd8911324433fba275cbfb555ee2e672dd398b053e79da50191eac3c8af767e
https://unhabitat.org/sites/default/files/2024/08/neuquen_2021_es.pdf,,d6e7fee470ae9420b0000dfa425d2aabcd3acc6b25cd340a038f852232e2876c
https://unhabitat.org/sites/default/files/2024/08/oocoyoacac_2024_es.pdf,,913aff4c2249a86c5d988d2817bba59c765729c5682acc6f33b424afc798c83a
https://unhabitat.org/sites/default/files/2024/08/partido_de_la_costa_2022_es.pdf,,cf6f7b570d7d2bec9dade0b2656731efc025c4365123800e1ba67bc82da7b4b3
https://unhabitat.org/sites/default/files/2024/08/penang_island_2021_en.pdf,,84173e9d2538f8e0709414a282cdc904a9014a388a9029c78636e3e1c3b26745
https://unhabitat.org/sites/default/files/2024/08/sado_city_2024_en.pdf,,d75898d972b3eb6946d858af8b24078e1e772e2a7b39237e4f270ba365abd284
https://unhabitat.org/sites/default/files/2024/08/salta_2022_es.pdf,,05a81673c1bfb12ce19d187deaa0bc922d65868b4132b272c6ff0ad357c42c0a
https://unhabitat.org/sites/default/files/2024/08/san_justo_2022_es.pdf,,ac50d71d3f23a1e51ccb510d84bfeee82f8b2293ee9038a37f6964f9ec495d93
https://unhabitat.org/sites/default/files/2024/08/santa_maria_del_oro_municipality_2024_es.pdf,,4e0e75a9a529a1c1aba925fadc96e7dc08a33298dd585896fa024c6a213232fc
https://unhabitat.org/sites/default/files/2024/08/seodaemun-gu_2021_en.pdf,,1312cca1804e3d921c41c64328a19aeaf925ed57fd9a6eb795426d38af208bae
https://unhabitat.org/sites/default/files/2024/08/sydney_2017_en.pdf,,446ebd1ea585698909c447674cf9f72368bb0b9d64f0653ac9839792216ec060
https://unhabitat.org/sites/default/files/2024/08/tekax_2022_es.pdf,,33518f8bd36236f304f68a05149b428a8c751be1f092ee8ea1b30ba60d1fa064
https://unhabitat.org/sites/default/files/2024/08/turku_2022_en.pdf,,e6f6e1ac5a4d22dabae9d59e837960d90ec7504935eb18a446faa74c154bd946
https://unhabitat.org/sites/default/files/2024/08/zapopoan_2024_es.pdf,,fd8ed5f608894ea743158dfa49f7363302383445d4284ff6de38008b0cb292c1
https://www.iges.or.jp/sites/default/files/2024-01/2023%20Taichung%20City%20VLR_s.pdf,,6331a7b663e0890d586bf76dd304e6e16db19cc6f261638d527aa0d00782ce13
https://www.iges.or.jp/sites/default/files/2024-02/2023 - Hsinchu City.pdf,,bb2b65983fffa2e838b935007b6718a957238130a2e2f09ad3034ff0321cbb58
https://www.iges.or.jp/sites/default/files/2024-02/2023 - Yunlin County.pdf,,6fa271071cd215131032aa50d655f95bcdda347a243cdd76278342714de2f5ba
https://www.iges.or.jp/sites/default/files/2024-02/2023%20-%20Agios%20Dimitrios.pdf,,228b4d08d9da6f42e350e8c406e409d0a29470ffc5dd1ee1024e243529fd6a63
https://www.iges.or.jp/sites/default/files/2024-02/2023%20-%20Yunlin%20County.pdf,,6fa271071cd215131032aa50d655f95bcdda347a243cdd76278342714de2f5ba
https://www.iges.or.jp/sites/default/files/2024-03/2023 - Rottenburg am Neckar.pdf,,7e8e88df233f26b9e1734c2251fd8037b16f105eb7b3df81431cf0cc8c0b8121
https://www.iges.or.jp/sites/default/files/2024-03/2023%20-%20Hamburg_English.pdf,,4496a059e858c140aea9aa6c5dbda83ff05cdd54cf3da50323353ba55f02e517
https://www.iges.or.jp/sites/default/files/2024-03/2023%20-%20Hamburg_German.pdf,,b2f9b6d0bcb1ae39eb1adfd6a12f9a56dd7b39c16837c93796d2c4b2b01a93be
https://www.iges.or.jp/sites/default/files/2024-04/2023%20-%20Barcelona_English.pdf,,86504bb479efb348ccfe61c1e4a66e74a27ea946c5578caebeeb3e2ee686f241
https://www.iges.or.jp/sites/default/files/2024-04/2023%20-%20Ghent.pdf,,380400136bbd18b79d4bcdf228af9bed1390c8caf6f17e1576d6c349b9a531ea
https://www.iges.or.jp/sites/default/files/2024-04/2023%20-%20Gladsaxe.pdf,,6d6c04e3cd3dbb851112c8875e9fe3dbc2c41220dbf00de95072bff244257283
https://www.iges.or.jp/sites/default/files/2024-04/2023%20-%20Lviv_English.pdf,,275d5604968a7ac64ca9712d1c8569a13d70ac7f981ce9d36874396f50626153
https://www.iges.or.jp/sites/default/files/2024-04/2023%20-%20Lviv_Ukranian.pdf,,8ae70e8457e17aa334b6db7dbb1ae0ec1c7a718fa78e138e4bff1acb661f3a06
https://www.iges.or.jp/sites/default/files/2024-05/2023%20-%20Fatih.pdf,,9789e3b8e14ce3bf7fb92c95eb52d12896f7b8652d274ea057b0cc0e1aa53aba
https://www.iges.or.jp/sites/default/files/2024-07/2024%20-%20Sado%20City_English.pdf,,d75898d972b3eb6946d858af8b24078e1e772e2a7b39237e4f270ba365abd284
https://www.iges.or.jp/sites/default/files/2024-07/2024%20-%20West%20Java_English.pdf,,9f00c6eb94ac819c443368d82f94446db481a8c74963c516af8c5bb9faa15813
https://www.iges.or.jp/sites/default/files/2024-10/2023%20-%20Stuttgart.pdf,,4eb67f288f7b7897c111e828cd9e7f5cbebc2b77ce20e6c7d0bb0f646d2dd0b0
https://www.iges.or.jp/sites/default/files/inline-files/2018%20-%20New%20York.pdf,,db31c2cfc5dce9f9d104da96cc64e3eb0ab68d975dbc9810d2890c82303a06be
https://www.iges.or.jp/sites/default/files/inline-files/2019%20-%20Los%20Angeles.pdf,,79373c2f4f6f6217b8495b89c1b1512ca85f26160edf4de52cbd401a005a29ab
https://www.iges.or.jp/sites/default/files/inline-files/2019%20-%20New%20Taipei.pdf,,d54a24cede268201d2676ea73bde5bc639d04040f4530237290af22a89a1de3a
https://www.iges.or.jp/sites/default/files/inline-files/2019%20VLR%20Province%20of%20Jaen.pdf,,ddef01db2d6aeaf65843120ffed4d8586cdc89e821ec9c71c98e1fe8f44f0ae5
https://www.iges.or.jp/sites/default/files/inline-files/2020%20-%20Ghent.pdf,,ca01b88bef0cfdb50f5b60d48bc7dbe682503241ad74535f606b1dea8c781d86
https://www.iges.or.jp/sites/default/files/inline-files/2020%20-%20Liverpool.pdf,,2b58a3148535065e773f0a79b66a82fe3f7305686c772a98d3f5d4f1fc8dfd53
https://www.iges.or.jp/sites/default/files/inline-files/2020%20-%20Montevideo.pdf,,1fcadeaecad8d41359c9a65eec072bf591fba949cd4d0947d98c1098903bfe0f
https://www.iges.or.jp/sites/default/files/inline-files/2020%20-%20Niteroi.pdf,,05a0d6d4e8154bf52deb4307378e904bd0835847b1a73dd56bda8cb7421adce7
https://www.iges.or.jp/sites/default/files/inline-files/2020%20-%20Rio%20de%20Janeiro%20-%20Portuguese.pdf,,96038463481857e2c86c84aca5c9ef103b6ebf6724ea159cd235af4df2f3a074
https://www.iges.or.jp/sites/default/files/inline-files/2020%20-%20Stuttgart.pdf,,cf99629c3d480b5462ca6bd442e0fd74d7bb8885a295758cc5c0b31fa8ddb08d
https://www.iges.or.jp/sites/default/files/inline-files/2020%20Taipei%20City%20Voluntary%20local%20review.pdf,,d699ca22e701325f9a81a7318526ae78a58deec6dbda3409f0c6946f9413f32d
https://www.iges.or.jp/sites/default/files/inline-files/2021%20-%20Asker.pdf,,addd9571db6adbce6ad1bd96f187f91f03a0c47f415254929eb439fc82ee2161
https://www.iges.or.jp/sites/default/files/inline-files/2021%20-%20Barcelona.pdf,,aa124ff7d52bf7329073d506604489a80d6a7d08a654be78cdb033f43a8ca1b2
https://www.iges.or.jp/sites/default/files/inline-files/2021%20-%20Cape%20Town.pdf,,07fa2b6092be30e7844f23ebac7de0705575bead9a4ec3e608a46e56aa31eb49
https://www.iges.or.jp/sites/default/files/inline-files/2021%20-%20City%20of%20M%C3%A9rida.pdf,,5ea6ae2babdc464562dff658ab682d47d3519d0749172770c46b965ccc06aeec
https://www.iges.or.jp/sites/default/files/inline-files/2021%20-%20Florence%20-%20Italian.pdf,,b05625832c890f5d282a9a610b8de2ffa38cac8e47c9bda94ab7ab9d4bab56a3
https://www.iges.or.jp/sites/default/files/inline-files/2021%20-%20Gladsaxe.pdf,,5403ad1dda077e45c05f62c622dba988fe7a5adb04e080d96dc8c126ccc97e9d
https://www.iges.or.jp/sites/default/files/inline-files/2021%20-%20Helsinki.pdf,,aba65475794e4a66d59eca309b491d70b847bf87ac1167228e448ef1d4caaff6
https://www.iges.or.jp/sites/default/files/inline-files/2021%20-%20Malmo.pdf,,932d3b5bfb1791a91069aa60c1479a9eb9f7d19a4dbaa2c5ab13ad50ac242e46
https://www.iges.or.jp/sites/default/files/inline-files/2021%20-%20New%20Taipei.pdf,,f40a4c46125f81e213ec2259ec33e2c00379f1005020a5e175a7657686262efe
https://www.iges.or.jp/sites/default/files/inline-files/2021%20-%20Skiathos.pdf,,1a91fc3fbce0cd71cf92f482ef67fd66944be4aa9fcaa277d57b42888454e4f5
https://www.iges.or.jp/sites/default/files/inline-files/2021%20-%20Stuttgart.pdf,,2906294042282ada3af44240a823194408b08da4887129ddf524b34471807725
https://www.iges.or.jp/sites/default/files/inline-files/2021%20-%20Subang%20Jaya.pdf,,f1c567f2f7a106aba12020d0d20cd57751e9eeab463562c4032f5eee110faf4f
https://www.iges.or.jp/sites/default/files/inline-files/2021%20-%20Taichung%20City.pdf,,d3b024a98bd5d614070711c5c709ab9cee44ce5550078af2bbe89702c95267a5
https://www.iges.or.jp/sites/default/files/inline-files/2021%20-%20Tainan%20City_m.pdf,,78f7457c95f3c745d898047a0018e388786b245f5cd588b6dd1412e4b7460bf7
https://www.iges.or.jp/sites/default/files/inline-files/2021%20Kaohsiung%20City%20Voluntary%20Local%20Review%20.pdf,,f4348ea53f28c1963a3d7041f4893b08dc28b07f5be1b8b8a0e12f258316107f
https://www.iges.or.jp/sites/default/files/inline-files/2022%20-%20Avcilar.pdf,,e696a8697d0c58f6c7c0491ba472c8972fe01d5bdbbe942458350f78e3d4d42f
https://www.iges.or.jp/sites/default/files/inline-files/2022%20-%20Bonn.pdf,,76dfb4b0014ed9691ea98ac4bbb3bcec9ec29f73c207a51444bce0f5aaf0bc3a
https://www.iges.or.jp/sites/default/files/inline-files/2022%20-%20Bristol.pdf,,a68cfc2c9daa20c97679db57b261621a9d555a301916cc7087b142077a0c47bc
https://www.iges.or.jp/sites/default/files/inline-files/2022%20-%20Cascais.pdf,,0655366bdefc36171d19ef4d0bd3a61c16d863a537e66c5cac392214e9671e8d
https://www.iges.or.jp/sites/default/files/inline-files/2022%20-%20Cochabamba.pdf,,befc72c739d576edefb5a95e92f71850936aa3b64b99bc5cf789d6457b40b09a
https://www.iges.or.jp/sites/default/files/inline-files/2022%20-%20Dhulikhel.pdf,,db12f47cfe3b6057b135aafcaf0cee55d15f79e3d12e393225aa1ad8631a2cb0
https://www.iges.or.jp/sites/default/files/inline-files/2022%20-%20Dusseldorf.pdf,,287af2a7b537f1486209a9199c483694b2453460c6dcb47a5ccefd3bb1068787
https://www.iges.or.jp/sites/default/files/inline-files/2022%20-%20El%20Alto.pdf,,accff8854c4e9d660c39f45921f6ae90df7a6eb3ab97e29669679e94a12eab25
https://www.iges.or.jp/sites/default/files/inline-files/2022%20-%20Escazu.pdf,,ed5b62d605ce61aa5f09462081d5d9959d0e37d5530f165c7e627a1b424eae79
https://www.iges.or.jp/sites/default/files/inline-files/2022%20-%20Ghent.pdf,,67660adc33606857efb941dcfb54e7df6617c5a5a99fa11183d934b8bf641025
https://www.iges.or.jp/sites/default/files/inline-files/2022%20-%20Goicoechea.pdf,,64cf3a8d5d75005d04d971582a45a4712f9f3d7917be2689918c3b3f5b09a5df
https://www.iges.or.jp/sites/default/files/inline-files/2022%20-%20La%20Paz.pdf,,e3352b05a0485188e268b27d8fa7e62eec772728dfbeed16c028e4779fefa9cf
https://www.iges.or.jp/sites/default/files/inline-files/2022%20-%20Manizales.pdf,,d74ddb63e16ac2ccae13df4d7aff2d6bdb96adf56d0ef1dd892493246fa923a5
https://www.iges.or.jp/sites/default/files/inline-files/2022%20-%20Melbourne.pdf,,244a6a7cfcecfcb45a88c2353373dd404db7252a2538bd4395b5052e9eb34fdd
https://www.iges.or.jp/sites/default/files/inline-files/2022%20-%20Montevideo.pdf,,36f17482d1c48b4dd8957c1f4cab6e30cbffe2f990b868ff31a7a0441ae8564d
https://www.iges.or.jp/sites/default/files/inline-files/2022%20-%20Santa%20Cruz%20de%20la%20Sierra.pdf,,afcef74808bc08d5f83ed0d059b55c7af04b2f78d1e5e3df81684cbe21b596a3
https://www.iges.or.jp/sites/default/files/inline-files/2022%20-%20Singra_0.pdf,,323a4e2055a5fafa8f2957624ca0250df486d00eebf7740de8058a839d829560
https://www.iges.or.jp/sites/default/files/inline-files/2022%20-%20Tampere.pdf,,a1e7c715a3bfb98e22f11317cd371f525e5f9f6d8ca7d1803e9e8a381a93a69f
https://www.iges.or.jp/sites/default/files/inline-files/2022%20-%20Taoyuan.pdf,,69983fb847dc9ad14edf6e0c2c468bcafaf308001f665c9be883f37585981b80
https://www.iges.or.jp/sites/default/files/inline-files/2023%20-%20Alor%20Gajah%20.pdf,,7d628494fcdc3236a95ca6bced07a882e373e11ce7c38ec21e7cf1dc7b35f18a
https://www.iges.or.jp/sites/default/files/inline-files/2023%20-%20Buenos%20Aires_English.pdf,,c21ab66cf136537681d9b59ab8aa00c6a753176c78fe2d7b190d5fa1d848eb88
https://www.iges.or.jp/sites/default/files/inline-files/2023%20-%20Buenos%20Aires_Spanish.pdf,,4cc01232d8e4d95287308cc606dd59b9930d20ce63aabe4237c0601227785d55
https://www.iges.or.jp/sites/default/files/inline-files/2023%20-%20Kuala%20Lumpur.pdf,,307a166dd614d6648995add72bf544aa69da99b0e0a103ff1a824781b53aee17
https://www.iges.or.jp/sites/default/files/inline-files/2023%20-%20Melaka%20City.pdf,,17dd19307b6ca009ba5ee00e3ce1899018eecbcc0190f67a535fd4a5d9bc0b1c
https://www.iges.or.jp/sites/default/files/inline-files/2023%20-%20Montevideo.pdf,,95782e30d7049f478000a23b348268778fc27a5f821aaa5cdb9cfe9577a03715
https://www.iges.or.jp/sites/default/files/inline-files/2023%20-%20NST%20Voluntary%20Local%20Reviews%202022.pdf,,9402a9e34d34e9a97fa720eb8539a11b2244f5bc6d7babde53d9621dd654d6d2
https://www.iges.or.jp/sites/default/files/inline-files/2023%20-%20Tainan%20City.pdf,,8351b3259337a3a003174d4bb20f1c5ea9804d9d13e903586454b72922e4ed3b
https://www.iges.or.jp/sites/default/files/inline-files/2023%20-%20Tokyo.pdf,,bc3e6b1cca8a8f8b1e3abb1c8662c191377b003ab407c06553f4f6d1ede9335a
https://www.iges.or.jp/sites/default/files/inline-files/2023%20-%20Vantaa.pdf,,18602103aac5374bb60623eecee5615edcb1f25cdf4d9e5f3a50efaac4dddb90
https://www.iges.or.jp/sites/default/files/inline-files/Anual%20monitoring%20report%202030%20Agenda%20Barcelona%20VLR%202022%20ENG.pdf,,21d5c6fe41d9a1e4d9ef03817e4acf95050d1487ce95982d9a3444c6b95c97fb
https://www.iges.or.jp/sites/default/files/inline-files/Hamamatsu.pdf,,4a6cb9fa3c46ec8b87eba39b1165647ecb4bd1da81346a7062eed8a5b7439e5e
https://www.iges.or.jp/sites/default/files/inline-files/Informe%20anual%20seguiment%20Agenda%202030%20de%20Barcelona%20VLR%202022%20CAT.pdf,,35c36a402bbf436c4b0c3740121a73d2a7ebb82b0109a53c3be12ce54d1c0988
https://www.iges.or.jp/sites/default/files/inline-files/Informe%20anual%20seguimiento%20Agenda%202030%20de%20Barcelona%20VLR%202022%20ESP.pdf,,d4c7dad71dee7350d671cc7d1826e3ef3323c2f236c6d87e59aa1a020cb1dbee
https://www.iges.or.jp/sites/default/files/inline-files/LosAngeles_2021_VLR.pdf,,9e1c25c9bcfb8e0523b9506521dc5998846fa69b91e8dc7687b0223962bc3e21
https://www.iges.or.jp/sites/default/files/inline-files/Santana_de_Parna%C3%ADba_2030_Vision_%20Connected_to_the%20Future.pdf,,d5fd93d156f1a575a06e7a6447257728b8e9a46e256e14a6df8639fb44577bc6
https://www.iges.or.jp/sites/default/files/inline-files/Suwon%20-%20Suwon%20Implementation%20Report%20on%20Goal%2011.pdf,,c3e82e32bb3acd58fd443170ed2e8ffc2d578e2c09f216f47502b8984f659039
https://www.iges.or.jp/sites/default/files/inline-files/Taipei%20City%20VLR%202019.pdf,,4cc50bcdcd9d381584d697ca1f40bcec713cdbe9a53b3929f18da4d754dd9f5f
https://www.iges.or.jp/sites/default/files/inline-files/Voluntary-Local-Review-Bericht-englisch_0.pdf,,899b6ddcbd39a537682c9f00ebdd17564a96b5838b67748dd3c5172e936a2354
https://www.iges.or.jp/sites/default/files/inline-files/vlr_2021_-_english.pdf,,e85e693d93adaed1e9be3eb39895f0174ce8a5994a5c3d2bbe33cb716283ba1e
https://www.iges.or.jp/sites/default/files/inline-files/vlr_2022_ingles.pdf,,21a077940197862a78ec2de7d6119ac86118154d996e42a30ddd1e7063f8246b
https://www.iges.or.jp/sites/default/files/inline-files/vlr_ba_2020_eng_1.pdf,,c265c9c21492e6cf5bfd5410117a3efdf35f7176e99fcfcb69df4ef8af13e507
https://www.local2030.org/pdf/vlr/Informe-Voluntario-Local-CORDOBA-2022-ARG-baja.pdf,,a4680f454e63a3506a8103ef0ef80ec10f47547461c7ff6c5c25b24b61aebe37
https://www.local2030.org/pdf/vlr/Voluntary-Local-Review-CORDOBA-2022-ARG-baja.pdf,,4b95644834db3c0bb5c77412656d376dd13e26b452bb840ecd4b9e48a0d1f3f2
https://www.local2030.org/pdf/vlr/bristol-uk-vlr-2019.pdf,,773e3b0008f03181cde0a21f6410ea137682f06538b33f3f38de5c012764be0b
https://www.local2030.org/pdf/vlr/buenos-aires-argentina-vlr-2019.pdf,,f011131be692af8f28a09a89ea57327af85c14b2316232705f49483d8b64862f
https://www.local2030.org/pdf/vlr/hamamatsu-city.pdf,,4a6cb9fa3c46ec8b87eba39b1165647ecb4bd1da81346a7062eed8a5b7439e5e
https://www.local2030.org/pdf/vlr/international-affairs-vlr-2019.pdf,,827976a69df4872f3d66ab9822dc4a56719b17022438bd6e231ad7613c6a042d
https://www.local2030.org/pdf/vlr/las-voluntary-local-review-of-sdgs-2019.pdf,,79373c2f4f6f6217b8495b89c1b1512ca85f26160edf4de52cbd401a005a29ab
https://www.local2030.org/pdf/vlr/oaxaca-vlr-2020.pdf,,0b8611272ef20136a7c53f2f1de76ecd26c20b7e8a3aa6dc4936b47c697d2e12
https://www.local2030.org/pdf/vlr/santana-de-parnaiba-brasil-vlr-2019.pdf,,d5fd93d156f1a575a06e7a6447257728b8e9a46e256e14a6df8639fb44577bc6
https://www.local2030.org/pdf/vlr/taipei-city-vlr-2019.pdf,,4cc50bcdcd9d381584d697ca1f40bcec713cdbe9a53b3929f18da4d754dd9f5f
