Visited_URL,Timestamp
https://hlpf.un.org/sites/default/files/vnrs/2021/10560NVR%20%28Morocco%29.pdf,2024-10-16 12:08:30
https://hlpf.un.org/sites/default/files/vnrs/2021/10738egypt.pdf,2024-10-16 12:08:33
https://hlpf.un.org/sites/default/files/vnrs/2021/10756Full%20report%20Mexico%20-%20HLPF%202016%20FINAL.pdf,2024-10-16 12:08:38
https://hlpf.un.org/sites/default/files/vnrs/2021/15721Belgium_Rev.pdf,2024-10-16 12:08:54
https://hlpf.un.org/sites/default/files/vnrs/2021/15766Portugal2017_EN_REV_FINAL_29_06_2017.pdf,2024-10-16 12:09:07
https://hlpf.un.org/sites/default/files/vnrs/2021/15806Brazil_English.pdf,2024-10-16 12:09:13
https://hlpf.un.org/sites/default/files/vnrs/2021/15881Malaysia.pdf,2024-10-16 12:09:24
https://hlpf.un.org/sites/default/files/vnrs/2021/16445JapanVNR2017.pdf,2024-10-16 12:09:35
https://hlpf.un.org/sites/default/files/vnrs/2021/20122VOLUNTARY_NATIONAL_REPORT_060718.pdf,2024-10-16 12:09:44
https://hlpf.un.org/sites/default/files/vnrs/2021/20269EGY_VNR_2018_final_with_Hyperlink_9720185b45d.pdf,2024-10-16 12:10:04
https://hlpf.un.org/sites/default/files/vnrs/2021/23429VNR_Report_Tanzania_2019_FINAL.pdf,2024-10-16 12:10:07
https://hlpf.un.org/sites/default/files/vnrs/2021/26295VNR_2020_Ukraine_Report.pdf,2024-10-16 12:10:24
https://hlpf.un.org/sites/default/files/vnrs/2021/26314VNR_2020_Mozambique_Report.pdf,2024-10-16 12:10:51
https://hlpf.un.org/sites/default/files/vnrs/2021/26406VNR_2020_Morocco_Report_French.pdf,2024-10-16 12:11:09
https://hlpf.un.org/sites/default/files/vnrs/2021/279512021_VNR_Report_Egypt.pdf,2024-10-16 12:11:17
https://hlpf.un.org/sites/default/files/vnrs/2021/288982021_VNR_Report_Mexico.pdf,2024-10-16 12:11:36
https://hlpf.un.org/sites/default/files/vnrs/2021/28957210714_VNR_2021_Japan.pdf,2024-10-16 12:11:48
https://hlpf.un.org/sites/default/files/vnrs/2023/Portugal_VNR_Report.pdf,2024-10-16 12:12:05
https://sdgs.un.org/sites/default/files/2020-09/20531Suwon_Implementation_Report_on_Goal_11_for_HLPF_2018_Final.pdf,2024-10-16 12:13:03
https://sdgs.un.org/sites/default/files/2020-09/25023VLR_City_of_Mannheim_final.pdf,2024-10-16 12:13:04
https://sdgs.un.org/sites/default/files/2020-09/AGENDA_EBC2030.pdf,2024-10-16 12:13:06
https://sdgs.un.org/sites/default/files/2020-09/BRISTOL%20AND%20THE%20SDGs.pdf,2024-10-16 12:13:07
https://sdgs.un.org/sites/default/files/2020-09/En-route-vers-2030-Rapport-de-mise-en-uvre-en-Wallonie-des-Objectifs-de-dveloppement-durable.pdf,2024-10-16 12:13:09
https://sdgs.un.org/sites/default/files/2020-09/English_Report%20of%20Localization%20of%20the%20Sustainable%20Development%20Goals.pdf,2024-10-16 12:13:12
https://sdgs.un.org/sites/default/files/2020-09/Green-Environmental-Sustainability-Progress-Report.pdf,2024-10-16 12:13:20
https://sdgs.un.org/sites/default/files/2020-09/International-Affairs-VLR-2019.pdf,2024-10-16 12:13:21
https://sdgs.un.org/sites/default/files/2020-09/LA%27s_Voluntary_Local_Review_of_SDGs_2019.pdf,2024-10-16 12:13:22
https://sdgs.un.org/sites/default/files/2020-09/Location-of-the-Agenda-2030-in-Barcarena.pdf,2024-10-16 12:13:24
https://sdgs.un.org/sites/default/files/2020-09/NYC_VLR_2018_FINAL.pdf,2024-10-16 12:13:27
https://sdgs.un.org/sites/default/files/2020-09/Santana_de_Parnai%CC%81ba_2030_Vision_%20Connected_to_the%20Future.pdf,2024-10-16 12:13:29
https://sdgs.un.org/sites/default/files/2020-09/Sustainability-Strategy-for-North-Rhine-Westphalia.pdf,2024-10-16 12:13:32
https://sdgs.un.org/sites/default/files/2020-09/The-Region-of-Valencia-and-the-local-implementation-of-the-SDGs-A-region-committed-to-Cooperation-and-the-2030-Agenda-for-Sustainable-Development.pdf,2024-10-16 12:13:33
https://sdgs.un.org/sites/default/files/2020-09/Voluntary%20Subnational%20Report%20-%20Maria%20Elias.pdf,2024-10-16 12:13:34
https://sdgs.un.org/sites/default/files/2020-09/buenos_aires_voluntary_local_review_1_0.pdf,2024-10-16 12:13:37
https://sdgs.un.org/sites/default/files/2020-09/english-vlr-toyama-city-japan-2018.pdf,2024-10-16 12:13:39
https://sdgs.un.org/sites/default/files/2020-09/kitakyushu-sdg-report-en-2018.pdf,2024-10-16 12:13:41
https://sdgs.un.org/sites/default/files/2020-09/ods_gamlp_compressed.pdf,2024-10-16 12:13:47
https://sdgs.un.org/sites/default/files/2020-09/odssp_en.pdf,2024-10-16 12:13:58
https://sdgs.un.org/sites/default/files/2020-09/shimokawa-city-hokkaido-sdgs-report-en-2018.pdf,2024-10-16 12:14:01
https://sdgs.un.org/sites/default/files/2020-10/2020%20VLR%20Stuttgart%20eng.pdf,2024-10-16 12:14:03
https://sdgs.un.org/sites/default/files/2020-10/Cauayan-City-Localizing-Sustainable-Development-Goals.pdf,2024-10-16 12:14:04
https://sdgs.un.org/sites/default/files/2020-10/Espan%CC%83ol_Informe%20de%20Localizacio%CC%81n%20de%20los%20Objetivos%20de%20Desarrollo%20Sostenible%20en%20la%20Ciudad%20de%20Sa%CC%83o%20Paulo.pdf,2024-10-16 12:14:04
https://sdgs.un.org/sites/default/files/2020-10/Lebenswertes%20Stuttgart_Die%20globale%20Agenda%202030%20auf%20lokaler%20Ebene.pdf,2024-10-16 12:14:13
https://sdgs.un.org/sites/default/files/2020-10/Portugue%CC%82s_Relato%CC%81rio%20de%20Localizac%CC%A7a%CC%83o%20dos%20Objetivos%20de%20Desenvolvimento%20Sustenta%CC%81vel%20na%20Cidade%20de%20Sa%CC%83o%20Paulo.pdf,2024-10-16 12:14:15
https://sdgs.un.org/sites/default/files/2020-10/SPW%20-%20Rapport%20indicateurs%20ODD-def_0.pdf,2024-10-16 12:14:23
https://sdgs.un.org/sites/default/files/2020-10/Turku%20Voluntary%20Local%20Review%202020%20WEB%20EN.pdf,2024-10-16 12:14:25
https://sdgs.un.org/sites/default/files/2020-10/VLR%20BA%202020_eng.pdf,2024-10-16 12:14:29
https://sdgs.un.org/sites/default/files/2020-10/VLR_State%20of%20Para%CC%81_Brazil_English.pdf,2024-10-16 12:14:31
https://sdgs.un.org/sites/default/files/2020-10/Voluntary-Local-Review-Bericht-englisch.pdf,2024-10-16 12:14:33
https://sdgs.un.org/sites/default/files/2020-10/basque2017.pdf,2024-10-16 12:14:36
https://sdgs.un.org/sites/default/files/2020-10/basque2018.pdf,2024-10-16 12:14:38
https://sdgs.un.org/sites/default/files/2020-10/basque2019.pdf,2024-10-16 12:14:41
https://sdgs.un.org/sites/default/files/2020-12/Pittsburgh%20VLR%202020%20Final%20Draft.pdf,2024-10-16 12:14:42
https://sdgs.un.org/sites/default/files/2021-01/Montevideo%20LVR%202020.pdf,2024-10-16 12:14:55
https://sdgs.un.org/sites/default/files/2021-01/VLR%20Guangzhou%2C%20China-compressed.pdf,2024-10-16 12:14:57
https://sdgs.un.org/sites/default/files/2021-03/EspooVLR2020Websmall.pdf,2024-10-16 12:15:01
https://sdgs.un.org/sites/default/files/2021-03/VLR%20YucatanISV_ESP_small.pdf,2024-10-16 12:15:17
https://sdgs.un.org/sites/default/files/2021-03/VLR%20YucatanISV_ING_small.pdf,2024-10-16 12:15:35
https://sdgs.un.org/sites/default/files/2021-04/Mexico%20City%20VLR.pdf,2024-10-16 12:15:54
https://sdgs.un.org/sites/default/files/2021-04/odssp-port.pdf,2024-10-16 12:16:03
https://sdgs.un.org/sites/default/files/2021-07/Agenda%202030%20in%20Asker%2C%20Voluntary%20Local%20Review%202021%20%281%29.pdf,2024-10-16 12:16:06
https://sdgs.un.org/sites/default/files/2021-07/Helsingborg_VLR_2021%20%282%29.pdf,2024-10-16 12:16:08
https://sdgs.un.org/sites/default/files/2021-07/Helsinki_VLR_From%20Agenda%20to%20Action%202021%20%281%29_0.pdf,2024-10-16 12:16:11
https://sdgs.un.org/sites/default/files/2021-07/Stockholm%20Volontary%20Local%20Review%202020_Agenda2030%20eng.pdf,2024-10-16 12:16:18
https://sdgs.un.org/sites/default/files/2021-07/VF_CDMX.pdf,2024-10-16 12:16:22
https://sdgs.un.org/sites/default/files/2021-07/VLR%20SDGs%20Shah%20Alam.pdf,2024-10-16 12:16:31
https://sdgs.un.org/sites/default/files/2021-07/VLR%20SDGs%20Subang%20Jaya.pdf,2024-10-16 12:16:36
https://sdgs.un.org/sites/default/files/2021-08/Mexico_Merida.pdf,2024-10-16 12:16:42
https://sdgs.un.org/sites/default/files/2021-08/Mexico_Tabasco.pdf,2024-10-16 12:16:45
https://sdgs.un.org/sites/default/files/2021-08/VF_Durango_ILV.pdf,2024-10-16 12:16:52
https://sdgs.un.org/sites/default/files/2021-10/Skiathos%20VLR%202020.pdf,2024-10-16 12:17:03
https://sdgs.un.org/sites/default/files/2021-11/Orlando%20VLR%202021.pdf,2024-10-16 12:17:06
https://sdgs.un.org/sites/default/files/vlrs/2021-06/Barcelona%202020%20%20Informe.pdf,2024-10-16 12:17:17
https://sdgs.un.org/sites/default/files/vlrs/2021-06/Barcelona_Agenda2030_Metas_Indicadores%20clave_Spanish.pdf,2024-10-16 12:17:19
https://sdgs.un.org/sites/default/files/vlrs/2021-06/GladsaxeReport-VLR.pdf,2024-10-16 12:17:21
https://sdgs.un.org/sites/default/files/vlrs/2021-06/ghent_sdg_voluntary_local_review_2020.pdf,2024-10-16 12:17:27
https://sdgs.un.org/sites/default/files/vlrs/2021-06/las_voluntary_local_review_of_sdgs_2019.pdf,2024-10-16 12:17:30
https://sdgs.un.org/sites/default/files/vlrs/2021-06/vlr_ba_2020_eng.pdf,2024-10-16 12:17:32
https://sdgs.un.org/sites/default/files/vlrs/2021-07/vlr_city_of_malmo_2021_0.pdf,2024-10-16 12:17:33
https://sdgs.un.org/sites/default/files/vlrs/2021-08/vf_ilv_edomex_compressed.pdf,2024-10-16 12:17:36
https://sdgs.un.org/sites/default/files/vlrs/2021-09/2nd_vlr_state_of_para_brazil.pdf,2024-10-16 12:17:50
https://sdgs.un.org/sites/default/files/vlrs/2021-09/ghent_sustainability_report_2021_-_focus_on_people_-_voluntary_local_review.pdf,2024-10-16 12:17:58
https://sdgs.un.org/sites/default/files/vlrs/2021-09/voluntary_local_review_yiwu_0.pdf,2024-10-16 12:18:05
https://sdgs.un.org/sites/default/files/vlrs/2021-10/sustainable_vantaa_belongs_to_everyone_eng.pdf,2024-10-16 12:18:07
https://sdgs.un.org/sites/default/files/vlrs/2021-11/informe_local_voluntario-lima-2021_0.pdf,2024-10-16 12:18:11
https://sdgs.un.org/sites/default/files/vlrs/2021-11/losangeles_2021_vlr.pdf,2024-10-16 12:18:15
https://sdgs.un.org/sites/default/files/vlrs/2021-12/summary_of_voluntary_local_review_for_shkodra_2020.pdf,2024-10-16 12:18:39
https://sdgs.un.org/sites/default/files/vlrs/2021-12/vleresimi_vullnetar_lokal_shkoder.pdf,2024-10-16 12:18:39
https://sdgs.un.org/sites/default/files/vlrs/2021-12/vlr_2021_yokohama_for-web2.pdf,2024-10-16 12:18:40
https://sdgs.un.org/sites/default/files/vlrs/2022-01/sao_paolo_vlr_2021_english.pdf,2024-10-16 12:18:45
https://sdgs.un.org/sites/default/files/vlrs/2022-01/sao_paolo_vlr_2021_espanol.pdf,2024-10-16 12:18:49
https://sdgs.un.org/sites/default/files/vlrs/2022-01/sao_paolo_vlr_2021_portugues.pdf,2024-10-16 12:18:55
https://sdgs.un.org/sites/default/files/vlrs/2022-01/vf_guadalajara_2021.pdf,2024-10-16 12:19:00
https://sdgs.un.org/sites/default/files/vlrs/2022-03/hawaii_vlr_aloha_2020_benchmark_report_fullreport.pdf,2024-10-16 12:19:02
https://sdgs.un.org/sites/default/files/vlrs/2022-03/viken_county-local_voluntary_review_2021.pdf,2024-10-16 12:19:06
https://sdgs.un.org/sites/default/files/vlrs/2022-03/vlr_surabaya2021_english_fa.pdf,2024-10-16 12:19:07
https://sdgs.un.org/sites/default/files/vlrs/2022-03/winnipeg_voluntary_local_review_of_progress_2021.pdf,2024-10-16 12:19:11
https://sdgs.un.org/sites/default/files/vlrs/2022-04/barcelona_vlr_2021_catalan.pdf,2024-10-16 12:19:14
https://sdgs.un.org/sites/default/files/vlrs/2022-04/barcelona_vlr_2021_eng.pdf,2024-10-16 12:19:18
https://sdgs.un.org/sites/default/files/vlrs/2022-04/barcelona_vlr_2021_spanish.pdf,2024-10-16 12:19:23
https://sdgs.un.org/sites/default/files/vlrs/2022-04/basque_2030_agenda_monitoring_report.pdf,2024-10-16 12:19:27
https://sdgs.un.org/sites/default/files/vlrs/2022-04/basque_agenda_2030_informe_seguimiento_2021.pdf,2024-10-16 12:19:28
https://sdgs.un.org/sites/default/files/vlrs/2022-04/cape_town_vlr_2021.pdf,2024-10-16 12:19:28
https://sdgs.un.org/sites/default/files/vlrs/2022-04/tokyo_sustainability_action.pdf,2024-10-16 12:19:30
https://sdgs.un.org/sites/default/files/vlrs/2022-05/2021_vlr_stuttgart_a_livable_city.pdf,2024-10-16 12:19:35
https://sdgs.un.org/sites/default/files/vlrs/2022-05/pittsburgh_vlr2020.pdf,2024-10-16 12:19:41
https://sdgs.un.org/sites/default/files/vlrs/2022-06/tampere_fi_vlr_city_of_sustainable_action_2022.pdf,2024-10-16 12:19:47
https://sdgs.un.org/sites/default/files/vlrs/2022-07/2018_suwon_voluntaryreport_goal11.pdf,2024-10-16 12:19:52
https://sdgs.un.org/sites/default/files/vlrs/2022-07/2020_dangjin_vlr.pdf,2024-10-16 12:19:54
https://sdgs.un.org/sites/default/files/vlrs/2022-07/2021_seodaemun-gu_sustainable_development_report.pdf,2024-10-16 12:20:00
https://sdgs.un.org/sites/default/files/vlrs/2022-07/2021suwonsdgsactionreport_0.pdf,2024-10-16 12:20:03
https://sdgs.un.org/sites/default/files/vlrs/2022-07/informe_voluntario_local_cordoba_2022-arg_baja.pdf,2024-10-16 12:20:11
https://sdgs.un.org/sites/default/files/vlrs/2022-07/lombardy_voluntary-local-review-rl-eng-high-quality_english.pdf,2024-10-16 12:20:13
https://sdgs.un.org/sites/default/files/vlrs/2022-07/lombardy_voluntary-local-review-rl-ita-high-quality_italian.pdf,2024-10-16 12:20:23
https://sdgs.un.org/sites/default/files/vlrs/2022-07/toyota_city_vlr_2022.pdf,2024-10-16 12:20:32
https://sdgs.un.org/sites/default/files/vlrs/2022-07/vlr_city_of_hanover.pdf,2024-10-16 12:20:40
https://sdgs.un.org/sites/default/files/vlrs/2022-07/vlr_cordoba_2022-arg_baja.pdf,2024-10-16 12:20:44
https://sdgs.un.org/sites/default/files/vlrs/2022-08/3_rlv_governo_do_estado_do_para_2022.pdf,2024-10-16 12:20:46
https://sdgs.un.org/sites/default/files/vlrs/2022-08/3rd_vlr_state_government_of_para_2022.pdf,2024-10-16 12:20:52
https://sdgs.un.org/sites/default/files/vlrs/2022-08/city_of_kiel_voluntary_local_review_2022.pdf,2024-10-16 12:21:02
https://sdgs.un.org/sites/default/files/vlrs/2022-08/informe_voluntario_2021.pdf,2024-10-16 12:21:07
https://sdgs.un.org/sites/default/files/vlrs/2022-08/rlv-pereira-final-hq-colombia.pdf,2024-10-16 12:21:09
https://sdgs.un.org/sites/default/files/vlrs/2022-08/rvl_sanjusto_digital.pdf,2024-10-16 12:21:13
https://sdgs.un.org/sites/default/files/vlrs/2022-08/vlr_dusseldorf_2022.pdf,2024-10-16 12:21:24
https://sdgs.un.org/sites/default/files/vlrs/2022-08/vlr_on_the_sdgs-city_council_penang_island.pdf,2024-10-16 12:21:29
https://sdgs.un.org/sites/default/files/vlrs/2022-08/vlr_santa_fe.pdf,2024-10-16 12:21:36
https://sdgs.un.org/sites/default/files/vlrs/2022-10/ba_vlr_2022_english.pdf,2024-10-16 12:21:46
https://sdgs.un.org/sites/default/files/vlrs/2022-10/ba_vlr_2022_espanol.pdf,2024-10-16 12:21:52
https://sdgs.un.org/sites/default/files/vlrs/2022-10/vlr_gladsaxe_2022.pdf,2024-10-16 12:21:59
https://sdgs.un.org/sites/default/files/vlrs/2022-11/barueri-vlr_2022.pdf,2024-10-16 12:22:04
https://sdgs.un.org/sites/default/files/vlrs/2022-11/barueri_executive_summary.pdf,2024-10-16 12:22:12
https://sdgs.un.org/sites/default/files/vlrs/2022-11/bristol_vlr_2022.pdf,2024-10-16 12:22:18
https://sdgs.un.org/sites/default/files/vlrs/2022-11/vlr_bonn_2022.pdf,2024-10-16 12:22:22
https://sdgs.un.org/sites/default/files/vlrs/2022-12/220929-vlr_amman.pdf,2024-10-16 12:22:27
https://sdgs.un.org/sites/default/files/vlrs/2022-12/catamarca.pdf,2024-10-16 12:22:42
https://sdgs.un.org/sites/default/files/vlrs/2022-12/chaco.pdf,2024-10-16 12:22:44
https://sdgs.un.org/sites/default/files/vlrs/2022-12/chubut_0.pdf,2024-10-16 12:22:51
https://sdgs.un.org/sites/default/files/vlrs/2022-12/corrientes.pdf,2024-10-16 12:22:52
https://sdgs.un.org/sites/default/files/vlrs/2022-12/digital_rlv_mixco_reduced.pdf,2024-10-16 12:23:00
https://sdgs.un.org/sites/default/files/vlrs/2022-12/entre_rios.pdf,2024-10-16 12:23:03
https://sdgs.un.org/sites/default/files/vlrs/2022-12/la_pampa.pdf,2024-10-16 12:23:04
https://sdgs.un.org/sites/default/files/vlrs/2022-12/la_rioja.pdf,2024-10-16 12:23:06
https://sdgs.un.org/sites/default/files/vlrs/2022-12/misiones.pdf,2024-10-16 12:23:07
https://sdgs.un.org/sites/default/files/vlrs/2022-12/municipio_de_bragado.pdf,2024-10-16 12:23:12
https://sdgs.un.org/sites/default/files/vlrs/2022-12/municipio_de_partido_de_la_costa.pdf,2024-10-16 12:23:14
https://sdgs.un.org/sites/default/files/vlrs/2022-12/municipio_de_rio_grande.pdf,2024-10-16 12:23:15
https://sdgs.un.org/sites/default/files/vlrs/2022-12/municipio_de_san_justo.pdf,2024-10-16 12:23:19
https://sdgs.un.org/sites/default/files/vlrs/2022-12/municipio_de_santa_fe.pdf,2024-10-16 12:23:35
https://sdgs.un.org/sites/default/files/vlrs/2022-12/municipio_de_villa_maria.pdf,2024-10-16 12:23:46
https://sdgs.un.org/sites/default/files/vlrs/2022-12/municipio_de_yerba_buena-tucuman.pdf,2024-10-16 12:23:50
https://sdgs.un.org/sites/default/files/vlrs/2022-12/neuquen.pdf,2024-10-16 12:23:51
https://sdgs.un.org/sites/default/files/vlrs/2022-12/san_juan_1.pdf,2024-10-16 12:23:54
https://sdgs.un.org/sites/default/files/vlrs/2022-12/santafe.pdf,2024-10-16 12:23:56
https://sdgs.un.org/sites/default/files/vlrs/2022-12/sao-paulo-executive_summary_ii_sdg_report.pdf,2024-10-16 12:23:59
https://sdgs.un.org/sites/default/files/vlrs/2022-12/tierradelfuego.pdf,2024-10-16 12:23:59
https://sdgs.un.org/sites/default/files/vlrs/2022-12/tucuman.pdf,2024-10-16 12:24:03
https://sdgs.un.org/sites/default/files/vlrs/2022-12/vlr_amsterdam.pdf,2024-10-16 12:24:04
https://sdgs.un.org/sites/default/files/vlrs/2023-01/informeprovinciadesalta.pdf,2024-10-16 12:24:08
https://sdgs.un.org/sites/default/files/vlrs/2023-01/sdcc_dki_jakarta_vlr.pdf,2024-10-16 12:24:09
https://sdgs.un.org/sites/default/files/vlrs/2023-02/vlr-relatorio_ods_casa_civil_0.pdf,2024-10-16 12:24:16
https://sdgs.un.org/sites/default/files/vlrs/2023-04/barcelona_anual_monitoring_report_2030_agenda_vlr_2022_eng.pdf,2024-10-16 12:24:32
https://sdgs.un.org/sites/default/files/vlrs/2023-04/barcelona_informe_anual_seguiment_agenda_2030_vlr2022_cat.pdf,2024-10-16 12:24:36
https://sdgs.un.org/sites/default/files/vlrs/2023-04/barcelona_informe_anual_seguimiento_agenda2030_vlr2022_esp.pdf,2024-10-16 12:24:41
https://sdgs.un.org/sites/default/files/vlrs/2023-04/bolivia_el_alto_2022_es.pdf,2024-10-16 12:24:45
https://sdgs.un.org/sites/default/files/vlrs/2023-04/bolivia_la_paz_2022_es.pdf,2024-10-16 12:24:53
https://sdgs.un.org/sites/default/files/vlrs/2023-04/bolivia_santa_cruz_de_la_sierra_2022_es-2.pdf,2024-10-16 12:25:05
https://sdgs.un.org/sites/default/files/vlrs/2023-04/braga_vlr_2019.pdf,2024-10-16 12:25:11
https://sdgs.un.org/sites/default/files/vlrs/2023-04/braga_vlr_executive_summmary.pdf,2024-10-16 12:25:20
https://sdgs.un.org/sites/default/files/vlrs/2023-04/filadelfia_ods_02-03-23_v03.pdf,2024-10-16 12:25:22
https://sdgs.un.org/sites/default/files/vlrs/2023-04/vlr_dortmund_2022_digital_0.pdf,2024-10-16 12:25:26
https://sdgs.un.org/sites/default/files/vlrs/2023-05/6_informe_voluntario_de_seguimiento_agenda_2030_euskadi.pdf,2024-10-16 12:25:29
https://sdgs.un.org/sites/default/files/vlrs/2023-05/6th_monitoring_report_2030_agenda_basque_country.pdf,2024-10-16 12:25:34
https://sdgs.un.org/sites/default/files/vlrs/2023-05/lvrmontevideoods2022vf1.pdf,2024-10-16 12:25:37
https://sdgs.un.org/sites/default/files/vlrs/2023-05/vlr_oaxaca_2022.pdf,2024-10-16 12:25:44
https://sdgs.un.org/sites/default/files/vlrs/2023-05/vlr_of_city_of_yangzhou.pdf,2024-10-16 12:25:46
https://sdgs.un.org/sites/default/files/vlrs/2023-06/helsinki-from-agenda-to-action-2023.pdf,2024-10-16 12:25:58
https://sdgs.un.org/sites/default/files/vlrs/2023-06/isv_2023_tizayuca.pdf,2024-10-16 12:26:02
https://sdgs.un.org/sites/default/files/vlrs/2023-06/londons_progress_towards_the_un_sdgs.pdf,2024-10-16 12:26:11
https://sdgs.un.org/sites/default/files/vlrs/2023-06/vlr2022_cascais_portugal.pdf,2024-10-16 12:26:14
https://sdgs.un.org/sites/default/files/vlrs/2023-06/vlr_buenos_aires_2021.pdf,2024-10-16 12:26:15
https://sdgs.un.org/sites/default/files/vlrs/2023-06/vlr_buenos_aires_2021_sp.pdf,2024-10-16 12:26:19
https://sdgs.un.org/sites/default/files/vlrs/2023-06/vlr_melbourne.pdf,2024-10-16 12:26:22
https://sdgs.un.org/sites/default/files/vlrs/2023-08/alor_gajah_vlr.pdf,2024-10-16 12:26:32
https://sdgs.un.org/sites/default/files/vlrs/2023-08/buenosairesvlr2023_eng.pdf,2024-10-16 12:26:50
https://sdgs.un.org/sites/default/files/vlrs/2023-08/buenosairesvlr2023_spa.pdf,2024-10-16 12:27:04
https://sdgs.un.org/sites/default/files/vlrs/2023-08/hawaii_vlr_2023.pdf,2024-10-16 12:27:20
https://sdgs.un.org/sites/default/files/vlrs/2023-08/mafra_vlr_ods_en.pdf,2024-10-16 12:27:36
https://sdgs.un.org/sites/default/files/vlrs/2023-08/puebla_informe_sub_voluntario.pdf,2024-10-16 12:27:55
https://sdgs.un.org/sites/default/files/vlrs/2023-08/sepang_vlr_2023.pdf,2024-10-16 12:28:03
https://sdgs.un.org/sites/default/files/vlrs/2023-08/tokyo_sustainability_action_2023.pdf,2024-10-16 12:28:13
https://sdgs.un.org/sites/default/files/vlrs/2023-08/vlr_francisco_morato_eng.pdf,2024-10-16 12:28:31
https://sdgs.un.org/sites/default/files/vlrs/2023-08/vlr_francisco_morato_port.pdf,2024-10-16 12:28:43
https://sdgs.un.org/sites/default/files/vlrs/2023-08/vlr_francisco_morato_spa.pdf,2024-10-16 12:28:56
https://sdgs.un.org/sites/default/files/vlrs/2023-08/vlr_ghent_2022.pdf,2024-10-16 12:29:09
https://sdgs.un.org/sites/default/files/vlrs/2023-08/vlr_kuala_lumpur.pdf,2024-10-16 12:29:10
https://sdgs.un.org/sites/default/files/vlrs/2023-08/vlr_mwanza.pdf,2024-10-16 12:29:17
https://sdgs.un.org/sites/default/files/vlrs/2023-08/vsr_selangor.pdf,2024-10-16 12:29:19
https://sdgs.un.org/sites/default/files/vlrs/2023-10/matosinhos_vlr.pdf,2024-10-16 12:29:31
https://sdgs.un.org/sites/default/files/vlrs/2023-10/melaka-vlr2022.pdf,2024-10-16 12:29:34
https://sdgs.un.org/sites/default/files/vlrs/2023-10/montevideo_tercer_informe_local_voluntario_ods-2023.pdf,2024-10-16 12:29:36
https://sdgs.un.org/sites/default/files/vlrs/2023-10/sustainable_vantaa_belongs_to_everyone_2023.pdf,2024-10-16 12:29:43
https://sdgs.un.org/sites/default/files/vlrs/2023-11/eng_vlr_16_municipalities.pdf,2024-10-16 12:29:47
https://sdgs.un.org/sites/default/files/vlrs/2023-11/rlv_relatorio_final_10.12.2020_0.pdf,2024-10-16 12:29:48
https://sdgs.un.org/sites/default/files/vlrs/2024-01/agadir_vlr-english.pdf,2024-10-16 12:29:49
https://sdgs.un.org/sites/default/files/vlrs/2024-01/agadir_vlr-french.pdf,2024-10-16 12:29:59
https://sdgs.un.org/sites/default/files/vlrs/2024-01/brisbane_2023_en.pdf,2024-10-16 12:30:10
https://sdgs.un.org/sites/default/files/vlrs/2024-01/mexicostate-vlr-2023.pdf,2024-10-16 12:30:15
https://sdgs.un.org/sites/default/files/vlrs/2024-02/agios_dimitrios_vlr_2023.pdf,2024-10-16 12:30:21
https://sdgs.un.org/sites/default/files/vlrs/2024-02/beheira_executive_summary.pdf,2024-10-16 12:30:27
https://sdgs.un.org/sites/default/files/vlrs/2024-02/executive_summary_of_bergens_vlr.pdf,2024-10-16 12:30:29
https://sdgs.un.org/sites/default/files/vlrs/2024-02/fayoum_executive_summary.pdf,2024-10-16 12:30:29
https://sdgs.un.org/sites/default/files/vlrs/2024-02/fayoum_vlr.pdf,2024-10-16 12:30:32
https://sdgs.un.org/sites/default/files/vlrs/2024-02/lviv_vlr_eng.pdf,2024-10-16 12:30:40
https://sdgs.un.org/sites/default/files/vlrs/2024-02/lviv_vlr_ukr.pdf,2024-10-16 12:30:55
https://sdgs.un.org/sites/default/files/vlrs/2024-02/para_relatorioods_2023_br.pdf,2024-10-16 12:31:12
https://sdgs.un.org/sites/default/files/vlrs/2024-02/para_reviewsdg_2023_en.pdf,2024-10-16 12:31:18
https://sdgs.un.org/sites/default/files/vlrs/2024-02/part1-status_for_bergen.pdf,2024-10-16 12:31:25
https://sdgs.un.org/sites/default/files/vlrs/2024-02/part2-status_for_bergen.pdf,2024-10-16 12:31:26
https://sdgs.un.org/sites/default/files/vlrs/2024-02/part3-status_for_bergen.pdf,2024-10-16 12:31:28
https://sdgs.un.org/sites/default/files/vlrs/2024-02/port_said_executive_summary.pdf,2024-10-16 12:31:29
https://sdgs.un.org/sites/default/files/vlrs/2024-02/vlr_joensuu_finland.pdf,2024-10-16 12:31:32
https://sdgs.un.org/sites/default/files/vlrs/2024-02/vlr_joensuu_report_summary_final.pdf,2024-10-16 12:31:37
https://sdgs.un.org/sites/default/files/vlrs/2024-04/coronel_oviedo_odm_resiliente.pdf,2024-10-16 12:31:38
https://sdgs.un.org/sites/default/files/vlrs/2024-04/ilv_cordoba_2023_0.pdf,2024-10-16 12:31:42
https://sdgs.un.org/sites/default/files/vlrs/2024-04/ilv_queretaro_2023.pdf,2024-10-16 12:31:47
https://sdgs.un.org/sites/default/files/vlrs/2024-04/ilv_sf_rincon_2023.pdf,2024-10-16 12:31:48
https://sdgs.un.org/sites/default/files/vlrs/2024-04/informe-voluntario-local-provincia-de-cordoba-2023_arg.pdf,2024-10-16 12:31:53
https://sdgs.un.org/sites/default/files/vlrs/2024-04/vlr_kibaha.pdf,2024-10-16 12:31:57
https://sdgs.un.org/sites/default/files/vlrs/2024-05/2022_shanghai_vlr_china_r.pdf,2024-10-16 12:31:58
https://sdgs.un.org/sites/default/files/vlrs/2024-05/7_informe_seguimiento_2023_agenda_2030_cast_web.pdf,2024-10-16 12:32:12
https://sdgs.un.org/sites/default/files/vlrs/2024-05/7_jarraipen_txostena_2023_agenda_2030_eusk.pdf,2024-10-16 12:32:17
https://sdgs.un.org/sites/default/files/vlrs/2024-05/7th_monitoring_report_2023_agenda_2030_engl.pdf,2024-10-16 12:32:23
https://sdgs.un.org/sites/default/files/vlrs/2024-05/ilv_chiapas_2023.pdf,2024-10-16 12:32:32
https://sdgs.un.org/sites/default/files/vlrs/2024-05/rlv_ennour_2024_0.pdf,2024-10-16 12:32:44
https://sdgs.un.org/sites/default/files/vlrs/2024-06/2022_canelones_vlr.pdf,2024-10-16 12:32:57
https://sdgs.un.org/sites/default/files/vlrs/2024-06/2022_cordoba_vlr.pdf,2024-10-16 12:33:04
https://sdgs.un.org/sites/default/files/vlrs/2024-06/2022_istanbul_vlr.pdf,2024-10-16 12:33:08
https://sdgs.un.org/sites/default/files/vlrs/2024-06/2022_quintana_roo_vlr.pdf,2024-10-16 12:33:20
https://sdgs.un.org/sites/default/files/vlrs/2024-06/2022_tekax_vlr.pdf,2024-10-16 12:33:22
https://sdgs.un.org/sites/default/files/vlrs/2024-06/2023_freiburg_vlr.pdf,2024-10-16 12:33:28
https://sdgs.un.org/sites/default/files/vlrs/2024-06/2023_hamburg_vlr_report_german.pdf,2024-10-16 12:33:33
https://sdgs.un.org/sites/default/files/vlrs/2024-06/2023_hamburg_vlr_summary_german.pdf,2024-10-16 12:33:38
https://sdgs.un.org/sites/default/files/vlrs/2024-06/ilv_vf_queretaro_2024.pdf,2024-10-16 12:33:41
https://sdgs.un.org/sites/default/files/vlrs/2024-06/voluntary_local_review_aland_2024.pdf,2024-10-16 12:33:42
https://sdgs.un.org/sites/default/files/vlrs/2024-07/vlr_almaty_2023.pdf,2024-10-16 12:33:44
https://sdgs.un.org/sites/default/files/vlrs/2024-07/vlr_jambi_city_2023.pdf,2024-10-16 12:34:00
https://sdgs.un.org/sites/default/files/vlrs/2024-07/vlr_sado_city_2024.pdf,2024-10-16 12:34:02
https://sdgs.un.org/sites/default/files/vlrs/2024-07/voluntary_local_review_montevideo_2024_uruguay.pdf,2024-10-16 12:34:04
https://sdgs.un.org/sites/default/files/vlrs/2024-07/voluntary_local_review_tierp_2024.pdf,2024-10-16 12:34:15
https://sdgs.un.org/sites/default/files/vlrs/2024-07/voluntary_subnational_review_nordic_region_2024_0.pdf,2024-10-16 12:34:25
https://sdgs.un.org/sites/default/files/vlrs/2024-07/voluntary_subnational_review_nordic_region_2024_1.pdf,2024-10-16 12:34:31
https://sdgs.un.org/sites/default/files/vlrs/2024-07/voluntary_subnational_review_nordic_region_2024_2.pdf,2024-10-16 12:34:34
https://sdgs.un.org/sites/default/files/vlrs/2024-07/voluntary_subnational_review_nordic_region_2024_3.pdf,2024-10-16 12:34:37
https://sdgs.un.org/sites/default/files/vlrs/2024-07/voluntary_subnational_review_nordic_region_2024_4.pdf,2024-10-16 12:34:40
https://sdgs.un.org/sites/default/files/vlrs/2024-08/informe_local_voluntario_ocoyoacac._edomex.pdf,2024-10-16 12:34:43
https://sdgs.un.org/sites/default/files/vlrs/2024-08/informe_local_voluntario_santa_maria_del_oro.pdf,2024-10-16 12:34:47
https://sdgs.un.org/sites/default/files/vlrs/2024-08/informesubnacionalvoluntario2024_v7.pdf,2024-10-16 12:34:55
https://sdgs.un.org/sites/default/files/vlrs/2024-08/revision_local_voluntaria_gobierno_municipal_de_zapopan.pdf,2024-10-16 12:35:08
https://sdgs.un.org/sites/default/files/vlrs/2024-09/buffalo_city_metro_municipality_vlr_report_2024_0.pdf,2024-10-16 12:35:10
https://sdgs.un.org/sites/default/files/vlrs/2024-09/city_of_tshwane_vlr_report_2024.pdf,2024-10-16 12:35:19
https://sdgs.un.org/sites/default/files/vlrs/2024-09/informe_local_voluntario_ilv_ods_campo_aceval_2023.pdf,2024-10-16 12:35:20
https://sdgs.un.org/sites/default/files/vlrs/2024-09/koukamma_local_municipality_vlr_report_2024.pdf,2024-10-16 12:35:24
https://sdgs.un.org/sites/default/files/vlrs/2024-09/maringa_relatorio_local_voluntario.pdf,2024-10-16 12:35:28
https://sdgs.un.org/sites/default/files/vlrs/2024-09/maringa_voluntary_local_review.pdf,2024-10-16 12:35:30
https://sdgs.un.org/sites/default/files/vlrs/2024-09/mogale_city_local_municipality_vlr_report_2024_0.pdf,2024-10-16 12:35:33
https://sdgs.un.org/sites/default/files/vlrs/2024-09/mossel_bay_local_municipality_vlr_report_2024.pdf,2024-10-16 12:35:35
https://sdgs.un.org/sites/default/files/vlrs/2024-09/primer_informe_local_voluntario_fram_2023.pdf,2024-10-16 12:35:39
https://sdgs.un.org/sites/default/files/vlrs/2024-09/rustenburg_local_municipality_vlr_report_2024.pdf,2024-10-16 12:35:43
https://sdgs.un.org/sites/default/files/vlrs/2024-09/umhlathuze_local_municipality_vlr_report_2024.pdf,2024-10-16 12:35:44
https://sdgs.un.org/sites/default/files/vlrs/2024-09/voluntary_local_review_sdgs_jawa_barat_indonesian.pdf,2024-10-16 12:35:47
https://sdgs.un.org/sites/default/files/vlrs/2024-09/voluntary_subnational_review_norway.pdf,2024-10-16 12:35:52
https://sdgs.un.org/sites/default/files/vlrs/2024-09/west_java_sdgs_voluntary_local_review_english.pdf,2024-10-16 12:35:53
https://sustainabledevelopment.un.org/content/documents/10446Executive%20Summary%20Review_ROK.pdf,2024-10-16 12:35:59
https://sustainabledevelopment.un.org/content/documents/10611Finland_VNR.pdf,2024-10-16 12:36:00
https://sustainabledevelopment.un.org/content/documents/10686HLPF-Bericht_final_EN.pdf,2024-10-16 12:36:04
https://sustainabledevelopment.un.org/content/documents/10692NORWAY%20HLPF%20REPORT%20-%20full%20version.pdf,2024-10-16 12:36:07
https://sustainabledevelopment.un.org/content/documents/10729Rapport%20ODD%20France.pdf,2024-10-16 12:36:09
https://sustainabledevelopment.un.org/content/documents/12644VNR%20Colombia.pdf,2024-10-16 12:36:14
https://sustainabledevelopment.un.org/content/documents/15070Argentina(Spanish)officialsubmission.pdf,2024-10-16 12:36:19
https://sustainabledevelopment.un.org/content/documents/15705Indonesia.pdf,2024-10-16 12:36:22
https://sustainabledevelopment.un.org/content/documents/15801Brazil_Portuguese.pdf,2024-10-16 12:36:33
https://sustainabledevelopment.un.org/content/documents/16013Denmark.pdf,2024-10-16 12:36:36
https://sustainabledevelopment.un.org/content/documents/16109Netherlands.pdf,2024-10-16 12:36:40
https://sustainabledevelopment.un.org/content/documents/16117Argentina.pdf,2024-10-16 12:36:49
https://sustainabledevelopment.un.org/content/documents/16289Jordan.pdf,2024-10-16 12:37:04
https://sustainabledevelopment.un.org/content/documents/16341Italy.pdf,2024-10-16 12:37:21
https://sustainabledevelopment.un.org/content/documents/16626Guatemala.pdf,2024-10-16 12:37:25
https://sustainabledevelopment.un.org/content/documents/19877IVN_ODS_PY_2018_book_Final.pdf,2024-10-16 12:37:33
https://sustainabledevelopment.un.org/content/documents/20125INFORME_NACIONAL_VOLUNTARIO_060718.pdf,2024-10-16 12:37:47
https://sustainabledevelopment.un.org/content/documents/20257ALBANIA_VNR_2018_FINAL2.pdf,2024-10-16 12:37:59
https://sustainabledevelopment.un.org/content/documents/20312Canada_ENGLISH_18122_Canadas_Voluntary_National_ReviewENv7.pdf,2024-10-16 12:38:06
https://sustainabledevelopment.un.org/content/documents/203295182018_VNR_Report_Spain_EN_ddghpbrgsp.pdf,2024-10-16 12:38:22
https://sustainabledevelopment.un.org/content/documents/20338RNV_Versio769n_revisada_31.07.18.pdf,2024-10-16 12:38:27
https://sustainabledevelopment.un.org/content/documents/20470VNR_final_approved_version.pdf,2024-10-16 12:38:58
https://sustainabledevelopment.un.org/content/documents/23366Voluntary_National_Review_2019_Philippines.pdf,2024-10-16 12:39:07
https://sustainabledevelopment.un.org/content/documents/23402RSA_Voluntary_National_Review_Report___The_Final_24_July_2019.pdf,2024-10-16 12:39:10
https://sustainabledevelopment.un.org/content/documents/23678UK_12072019_UK_Voluntary_National_Review_2019.pdf,2024-10-16 12:39:14
https://sustainabledevelopment.un.org/content/documents/24309Informe_Nacional_Voluntario__Uruguay_2019.pdf,2024-10-16 12:43:36
https://sustainabledevelopment.un.org/content/documents/25008REVISIN_NACIONAL_COMPLETA.pdf,2024-10-16 12:43:55
https://sustainabledevelopment.un.org/content/documents/26265VNR_Report_Finland_2020.pdf,2024-10-16 12:44:16
https://sustainabledevelopment.un.org/content/documents/26326VNR_2020_Peru_Report_Spanish.pdf,2024-10-16 12:44:25
https://sustainabledevelopment.un.org/content/documents/26386VNR_2020_Argentina_Report_Spanish.pdf,2024-10-16 12:44:38
https://sustainabledevelopment.un.org/content/documents/279422021_VNR_Report_Spain.pdf,2024-10-16 12:44:54
https://sustainabledevelopment.un.org/content/documents/279532021_VNR_Report_Denmark.pdf,2024-10-16 12:45:17
https://sustainabledevelopment.un.org/content/documents/279582021_VNR_Report_Sweden.pdf,2024-10-16 12:45:28
https://sustainabledevelopment.un.org/content/documents/280812021_VNR_Report_China_English.pdf,2024-10-16 12:45:35
https://sustainabledevelopment.un.org/content/documents/280842021_VNR_Report_China_Chinese.pdf,2024-10-16 12:45:43
https://sustainabledevelopment.un.org/content/documents/280892021_VNR_Report_Indonesia.pdf,2024-10-16 12:45:51
https://sustainabledevelopment.un.org/content/documents/28230Bolivias_VNR_Report.pdf,2024-10-16 12:46:23
https://sustainabledevelopment.un.org/content/documents/28233Voluntary_National_Review_2021_Norway.pdf,2024-10-16 12:46:54
https://sustainabledevelopment.un.org/content/documents/282692021_VNR_Report_Paraguay.pdf,2024-10-16 12:47:18
https://sustainabledevelopment.un.org/content/documents/282902021_VNR_Report_Colombia.pdf,2024-10-16 12:47:28
https://sustainabledevelopment.un.org/content/documents/285982021_VNR_Report_Malaysia.pdf,2024-10-16 12:47:48
https://unhabitat.org/sites/default/files/2021/06/barcarena_2017_pt_1.pdf,2024-10-16 12:48:06
https://unhabitat.org/sites/default/files/2021/06/barcelona_2019_cat.pdf,2024-10-16 12:48:08
https://unhabitat.org/sites/default/files/2021/06/basque_country_2017_en.pdf,2024-10-16 12:48:14
https://unhabitat.org/sites/default/files/2021/06/basque_country_2017_eu.pdf,2024-10-16 12:48:15
https://unhabitat.org/sites/default/files/2021/06/basque_country_2018_en.pdf,2024-10-16 12:48:15
https://unhabitat.org/sites/default/files/2021/06/belo_horizonte_2020_pt.pdf,2024-10-16 12:48:18
https://unhabitat.org/sites/default/files/2021/06/besancon_2019_fr.pdf,2024-10-16 12:48:35
https://unhabitat.org/sites/default/files/2021/06/bristol_2019_en.pdf,2024-10-16 12:48:38
https://unhabitat.org/sites/default/files/2021/06/buenos_aires_2019_en.pdf,2024-10-16 12:48:40
https://unhabitat.org/sites/default/files/2021/06/buenos_aires_2020_en.pdf,2024-10-16 12:48:41
https://unhabitat.org/sites/default/files/2021/06/busia_county_2019_en.pdf,2024-10-16 12:48:45
https://unhabitat.org/sites/default/files/2021/06/canterbury_2019_en.pdf,2024-10-16 12:48:45
https://unhabitat.org/sites/default/files/2021/06/cauayan_city_2017_en.pdf,2024-10-16 12:48:46
https://unhabitat.org/sites/default/files/2021/06/chimbote_2020_es.pdf,2024-10-16 12:48:46
https://unhabitat.org/sites/default/files/2021/06/ciudad_valles_2020_es.pdf,2024-10-16 12:48:50
https://unhabitat.org/sites/default/files/2021/06/deqing_2017_en.pdf,2024-10-16 12:49:10
https://unhabitat.org/sites/default/files/2021/06/deqing_2018_en.pdf,2024-10-16 12:50:10
https://unhabitat.org/sites/default/files/2021/06/espoo_2020_en.pdf,2024-10-16 12:50:13
https://unhabitat.org/sites/default/files/2021/06/ghent_2020_en.pdf,2024-10-16 12:50:36
https://unhabitat.org/sites/default/files/2021/06/gladsaxe_2021_en.pdf,2024-10-16 12:50:38
https://unhabitat.org/sites/default/files/2021/06/gothenburg_2019_en.pdf,2024-10-16 12:50:41
https://unhabitat.org/sites/default/files/2021/06/hamamatsu_2019_en.pdf,2024-10-16 12:50:43
https://unhabitat.org/sites/default/files/2021/06/harare_2020_en.pdf,2024-10-16 12:50:46
https://unhabitat.org/sites/default/files/2021/06/hawai_2020_en.pdf,2024-10-16 12:50:47
https://unhabitat.org/sites/default/files/2021/06/helsinki_2019_en.pdf,2024-10-16 12:50:58
https://unhabitat.org/sites/default/files/2021/06/jaen_2019_es.pdf,2024-10-16 12:51:03
https://unhabitat.org/sites/default/files/2021/06/kelowna_2021_en.pdf,2024-10-16 12:51:13
https://unhabitat.org/sites/default/files/2021/06/kitakyushu_2018_en.pdf,2024-10-16 12:51:18
https://unhabitat.org/sites/default/files/2021/06/kwale_county_2019_en.pdf,2024-10-16 12:51:25
https://unhabitat.org/sites/default/files/2021/06/la_paz_2018_es.pdf,2024-10-16 12:51:26
https://unhabitat.org/sites/default/files/2021/06/liverpool_2020_en.pdf,2024-10-16 12:52:13
https://unhabitat.org/sites/default/files/2021/06/los_angeles_2019_en.pdf,2024-10-16 12:52:20
https://unhabitat.org/sites/default/files/2021/06/malaga_2018_es.pdf,2024-10-16 12:52:22
https://unhabitat.org/sites/default/files/2021/06/mannheim_2019_en.pdf,2024-10-16 12:52:25
https://unhabitat.org/sites/default/files/2021/06/marsabit_county_2019_en.pdf,2024-10-16 12:52:27
https://unhabitat.org/sites/default/files/2021/06/mexico_city_2017_es.pdf,2024-10-16 12:52:28
https://unhabitat.org/sites/default/files/2021/06/montevideo_2020_es.pdf,2024-10-16 12:52:35
https://unhabitat.org/sites/default/files/2021/06/new_taipei_2019_en.pdf,2024-10-16 12:52:36
https://unhabitat.org/sites/default/files/2021/06/new_york_2018_en.pdf,2024-10-16 12:52:40
https://unhabitat.org/sites/default/files/2021/06/new_york_2019_en.pdf,2024-10-16 12:52:43
https://unhabitat.org/sites/default/files/2021/06/niort_2020_fr.pdf,2024-10-16 12:52:44
https://unhabitat.org/sites/default/files/2021/06/niteroi_2020_en.pdf,2024-10-16 12:52:46
https://unhabitat.org/sites/default/files/2021/06/north_rhine_westphalia_2016_en.pdf,2024-10-16 12:53:02
https://unhabitat.org/sites/default/files/2021/06/oaxaca_2019_es.pdf,2024-10-16 12:53:02
https://unhabitat.org/sites/default/files/2021/06/para_2020_en.pdf,2024-10-16 12:53:06
https://unhabitat.org/sites/default/files/2021/06/pittsburgh_2020_en.pdf,2024-10-16 12:53:08
https://unhabitat.org/sites/default/files/2021/06/rio_2020_pt.pdf,2024-10-16 12:53:10
https://unhabitat.org/sites/default/files/2021/06/santa_fe_2019_es.pdf,2024-10-16 12:53:13
https://unhabitat.org/sites/default/files/2021/06/santana_de_parnaiba_2019_pt_1.pdf,2024-10-16 12:53:18
https://unhabitat.org/sites/default/files/2021/06/scotland_2021_en.pdf,2024-10-16 12:53:21
https://unhabitat.org/sites/default/files/2021/06/shimokawa_2018_en.pdf,2024-10-16 12:53:27
https://unhabitat.org/sites/default/files/2021/06/suwon_2018_en.pdf,2024-10-16 12:53:29
https://unhabitat.org/sites/default/files/2021/06/sydney_2018_en.pdf,2024-10-16 12:53:29
https://unhabitat.org/sites/default/files/2021/06/taipei_2019_en.pdf,2024-10-16 12:53:35
https://unhabitat.org/sites/default/files/2021/06/taipei_city_2020_en.pdf,2024-10-16 12:53:43
https://unhabitat.org/sites/default/files/2021/06/taita_taveta_county_2019_en.pdf,2024-10-16 12:53:52
https://unhabitat.org/sites/default/files/2021/06/toyama_2018_en.pdf,2024-10-16 12:53:53
https://unhabitat.org/sites/default/files/2021/06/trujillo_2020_es.pdf,2024-10-16 12:53:54
https://unhabitat.org/sites/default/files/2021/06/turku_2020_en.pdf,2024-10-16 12:54:00
https://unhabitat.org/sites/default/files/2021/06/valencia_region_2016_en.pdf,2024-10-16 12:54:03
https://unhabitat.org/sites/default/files/2021/06/victoria_falls_2020_en.pdf,2024-10-16 12:54:04
https://unhabitat.org/sites/default/files/2021/06/wallonia_2017_fr.pdf,2024-10-16 12:54:05
https://unhabitat.org/sites/default/files/2021/06/winnipeg_2018_en.pdf,2024-10-16 12:54:09
https://unhabitat.org/sites/default/files/2021/06/winnipeg_2020_en.pdf,2024-10-16 12:54:11
https://unhabitat.org/sites/default/files/2021/06/yucatan_2020_es.pdf,2024-10-16 12:54:14
https://unhabitat.org/sites/default/files/2021/07/asia-pacific_regional_guidelines_on_vlrs_0.pdf,2024-10-16 12:54:27
https://unhabitat.org/sites/default/files/2021/07/asker_2021_en.pdf,2024-10-16 12:54:29
https://unhabitat.org/sites/default/files/2021/07/bergen_2021_no.pdf,2024-10-16 12:54:30
https://unhabitat.org/sites/default/files/2021/07/bonn_2020_en.pdf,2024-10-16 12:54:31
https://unhabitat.org/sites/default/files/2021/07/buenos_aires_2021_es.pdf,2024-10-16 12:54:34
https://unhabitat.org/sites/default/files/2021/07/european_handbook_for_sdg_voluntary_local_reviews_online.pdf,2024-10-16 12:54:39
https://unhabitat.org/sites/default/files/2021/07/florence_2021_it.pdf,2024-10-16 12:54:44
https://unhabitat.org/sites/default/files/2021/07/globalguidingelementsforvlrs_final.pdf,2024-10-16 12:55:07
https://unhabitat.org/sites/default/files/2021/07/helsingborg_2021_en.pdf,2024-10-16 12:55:08
https://unhabitat.org/sites/default/files/2021/07/malaysia_sdg_cities_booklet-2.pdf,2024-10-16 12:55:10
https://unhabitat.org/sites/default/files/2021/07/malmo_2021_en.pdf,2024-10-16 12:55:29
https://unhabitat.org/sites/default/files/2021/07/romsdal_2021_no.pdf,2024-10-16 12:55:35
https://unhabitat.org/sites/default/files/2021/07/shimokawamethodfinal.pdf,2024-10-16 12:55:39
https://unhabitat.org/sites/default/files/2021/07/state_of_the_vlrs_2021.pdf,2024-10-16 12:55:43
https://unhabitat.org/sites/default/files/2021/07/stateofthevoluntarylocalreview2020-final.pdf,2024-10-16 12:55:55
https://unhabitat.org/sites/default/files/2021/07/stockholm_2021_en.pdf,2024-10-16 12:56:00
https://unhabitat.org/sites/default/files/2021/07/tokyo_2021_en.pdf,2024-10-16 12:56:04
https://unhabitat.org/sites/default/files/2021/07/uk-cities-voluntary-local-review-handbook.pdf,2024-10-16 12:56:11
https://unhabitat.org/sites/default/files/2021/07/uppsala_2021_en.pdf,2024-10-16 12:56:13
https://unhabitat.org/sites/default/files/2021/07/viken_2020_no.pdf,2024-10-16 12:56:15
https://unhabitat.org/sites/default/files/2021/07/vlr_agenda2030.pdf,2024-10-16 12:56:18
https://unhabitat.org/sites/default/files/2021/07/vlr_handbook_7.7.19.pdf,2024-10-16 12:56:30
https://unhabitat.org/sites/default/files/2021/07/vlr_sdgs_shah_alam.pdf,2024-10-16 12:56:30
https://unhabitat.org/sites/default/files/2021/09/cordoba_2020_es.pdf,2024-10-16 12:56:34
https://unhabitat.org/sites/default/files/2021/09/dangjin_2020_en.pdf,2024-10-16 12:56:37
https://unhabitat.org/sites/default/files/2021/09/durango_2021_en.pdf,2024-10-16 12:56:48
https://unhabitat.org/sites/default/files/2021/09/durango_2021_es.pdf,2024-10-16 12:57:00
https://unhabitat.org/sites/default/files/2021/09/guadalajara_2021_es.pdf,2024-10-16 12:57:14
https://unhabitat.org/sites/default/files/2021/09/helsinki_2021_en.pdf,2024-10-16 12:57:15
https://unhabitat.org/sites/default/files/2021/09/merida_2021_es.pdf,2024-10-16 12:57:18
https://unhabitat.org/sites/default/files/2021/09/mexico_city_2019_es.pdf,2024-10-16 12:57:53
https://unhabitat.org/sites/default/files/2021/09/mexico_city_2021_es.pdf,2024-10-16 12:57:56
https://unhabitat.org/sites/default/files/2021/09/mexico_state.pdf,2024-10-16 12:58:03
https://unhabitat.org/sites/default/files/2021/09/tabasco_2021_es.pdf,2024-10-16 12:58:09
https://unhabitat.org/sites/default/files/2021/09/taoyuan_2020_e.pdf,2024-10-16 12:58:14
https://unhabitat.org/sites/default/files/2021/10/basque_country_2019_en.pdf,2024-10-16 12:58:26
https://unhabitat.org/sites/default/files/2021/10/besancon_2018_fr.pdf,2024-10-16 12:58:28
https://unhabitat.org/sites/default/files/2021/10/lincoln_2016_2017_es.pdf,2024-10-16 12:58:31
https://unhabitat.org/sites/default/files/2021/10/lincoln_2018_2019_es.pdf,2024-10-16 12:59:06
https://unhabitat.org/sites/default/files/2021/10/los_angeles_2021_en.pdf,2024-10-16 12:59:13
https://unhabitat.org/sites/default/files/2021/10/orlando_2021_en.pdf,2024-10-16 12:59:51
https://unhabitat.org/sites/default/files/2021/10/para_2021_en_1.pdf,2024-10-16 13:00:07
https://unhabitat.org/sites/default/files/2021/10/taipei_2021_en.pdf,2024-10-16 13:00:15
https://unhabitat.org/sites/default/files/2021/12/izmir_2021_tr.pdf,2024-10-16 13:00:54
https://unhabitat.org/sites/default/files/2021/12/lima_2021_es.pdf,2024-10-16 13:01:05
https://unhabitat.org/sites/default/files/2021/12/shkodra_2021_sq.pdf,2024-10-16 13:01:08
https://unhabitat.org/sites/default/files/2021/12/skiathos_2020_en.pdf,2024-10-16 13:01:10
https://unhabitat.org/sites/default/files/2021/12/sultanbeyli_2021_tr_1.pdf,2024-10-16 13:01:12
https://unhabitat.org/sites/default/files/2021/12/vantaa_2021_en.pdf,2024-10-16 13:01:20
https://unhabitat.org/sites/default/files/2021/12/yiwu_2021_en.pdf,2024-10-16 13:01:22
https://unhabitat.org/sites/default/files/2021/12/yokohama_2021_en.pdf,2024-10-16 13:01:24
https://unhabitat.org/sites/default/files/2022-07/abruzzo_marche_umbria_2022_en.pdf,2024-10-16 13:01:34
https://unhabitat.org/sites/default/files/2022-07/barcelona_2021_en.pdf,2024-10-16 13:01:35
https://unhabitat.org/sites/default/files/2022-07/basque_country_2021_es.pdf,2024-10-16 13:01:38
https://unhabitat.org/sites/default/files/2022-07/cape_town_2021_en.pdf,2024-10-16 13:01:39
https://unhabitat.org/sites/default/files/2022-07/cordoba_2022_en.pdf,2024-10-16 13:01:40
https://unhabitat.org/sites/default/files/2022-07/genova_2022_en.pdf,2024-10-16 13:01:42
https://unhabitat.org/sites/default/files/2022-07/lazio_2022_en.pdf,2024-10-16 13:03:09
https://unhabitat.org/sites/default/files/2022-07/liguria_2022_en.pdf,2024-10-16 13:03:09
https://unhabitat.org/sites/default/files/2022-07/lombardy_milan_2022_en.pdf,2024-10-16 13:03:11
https://unhabitat.org/sites/default/files/2022-07/melbourne_2022_en.pdf,2024-10-16 13:03:12
https://unhabitat.org/sites/default/files/2022-07/messina_2022_en.pdf,2024-10-16 13:03:29
https://unhabitat.org/sites/default/files/2022-07/new_taipei_2021_en.pdf,2024-10-16 13:03:30
https://unhabitat.org/sites/default/files/2022-07/puglia_bari_2022_en.pdf,2024-10-16 13:03:35
https://unhabitat.org/sites/default/files/2022-07/reggio_calabria_2022_en.pdf,2024-10-16 13:03:36
https://unhabitat.org/sites/default/files/2022-07/roma_2022_en.pdf,2024-10-16 13:03:39
https://unhabitat.org/sites/default/files/2022-07/sao_paulo_2021_en.pdf,2024-10-16 13:03:39
https://unhabitat.org/sites/default/files/2022-07/sardinia_2022_en.pdf,2024-10-16 13:03:44
https://unhabitat.org/sites/default/files/2022-07/stuttgart_2021_en.pdf,2024-10-16 13:03:44
https://unhabitat.org/sites/default/files/2022-07/taichung_2021_en.pdf,2024-10-16 13:03:49
https://unhabitat.org/sites/default/files/2022-07/villa_maria_2022_es.pdf,2024-10-16 13:04:22
https://unhabitat.org/sites/default/files/2022-07/yunlin_county_2021_en.pdf,2024-10-16 13:04:40
https://unhabitat.org/sites/default/files/2022/01/accra_2020_en.pdf,2024-10-16 13:04:57
https://unhabitat.org/sites/default/files/2022/01/jaen_2020_es.pdf,2024-10-16 13:05:02
https://unhabitat.org/sites/default/files/2022/01/karatay_2021_en.pdf,2024-10-16 13:05:13
https://unhabitat.org/sites/default/files/2022/01/karatay_2021_tr.pdf,2024-10-16 13:05:31
https://unhabitat.org/sites/default/files/2022/01/ngora_district_2020_en.pdf,2024-10-16 13:05:47
https://unhabitat.org/sites/default/files/2022/01/vsrguidelines_en.pdf,2024-10-16 13:05:49
https://unhabitat.org/sites/default/files/2022/01/yaounde_2020_en.pdf,2024-10-16 13:06:05
https://unhabitat.org/sites/default/files/2022/06/tampere_2022_en.pdf,2024-10-16 13:06:07
https://unhabitat.org/sites/default/files/2022/06/voluntarylocalreview-abridgebetweenglobalgoalsandlocalreality_2022_en_1.pdf,2024-10-16 13:06:11
https://unhabitat.org/sites/default/files/2022/08/buenosaires_2022_sp-optimized_2.pdf,2024-10-16 13:06:22
https://unhabitat.org/sites/default/files/2022/08/dhulikhel_2022_en.pdf,2024-10-16 13:06:24
https://unhabitat.org/sites/default/files/2022/08/dusseldorf_2022_en-optimized.pdf,2024-10-16 13:06:29
https://unhabitat.org/sites/default/files/2022/08/guidelines_en-optimized.pdf,2024-10-16 13:06:31
https://unhabitat.org/sites/default/files/2022/08/santafe_2022_es-optimized.pdf,2024-10-16 13:06:34
https://unhabitat.org/sites/default/files/2022/08/seodaemun-gu_2021_en_2.pdf,2024-10-16 13:06:37
https://unhabitat.org/sites/default/files/2022/08/singra_2022_en.pdf,2024-10-16 13:06:39
https://unhabitat.org/sites/default/files/2022/08/toyota_2022_en-optimized.pdf,2024-10-16 13:06:42
https://unhabitat.org/sites/default/files/2022/08/vicuna_mackenna_2021_es.pdf,2024-10-16 13:06:44
https://unhabitat.org/sites/default/files/2022/09/bonn_2022_en_1.pdf,2024-10-16 13:06:46
https://unhabitat.org/sites/default/files/2022/09/hanover_2020_en-optimized-optimized.pdf,2024-10-16 13:06:49
https://unhabitat.org/sites/default/files/2022/09/kiel_2022_en.pdf,2024-10-16 13:06:54
https://unhabitat.org/sites/default/files/2022/09/surabaya_2021_en-optimized.pdf,2024-10-16 13:06:58
https://unhabitat.org/sites/default/files/2022/10/amman_vlr_-_english_version_-_complete_-_out_for_print_-_in_spreads_4.pdf,2024-10-16 13:07:02
https://unhabitat.org/sites/default/files/2022/10/avcilar_2022_en_-_smaller_2.pdf,2024-10-16 13:07:19
https://unhabitat.org/sites/default/files/2022/10/barcelona_2020_cat.pdf,2024-10-16 13:07:28
https://unhabitat.org/sites/default/files/2022/10/bristol_2022_en_0.pdf,2024-10-16 13:07:31
https://unhabitat.org/sites/default/files/2022/10/ghent_2021_en.pdf,2024-10-16 13:08:07
https://unhabitat.org/sites/default/files/2022/10/pereira_2022_es.pdf,2024-10-16 13:08:12
https://unhabitat.org/sites/default/files/2022/10/sanjusto_2022_es-min.pdf,2024-10-16 13:08:14
https://unhabitat.org/sites/default/files/2022/10/suwon_2021_en_1.pdf,2024-10-16 13:08:21
https://unhabitat.org/sites/default/files/2022/10/tainan_2021_en.pdf,2024-10-16 13:08:27
https://unhabitat.org/sites/default/files/2022/10/wales_2019_en.pdf,2024-10-16 13:08:39
https://unhabitat.org/sites/default/files/2022/10/winnipeg_2021_en.pdf,2024-10-16 13:08:42
https://unhabitat.org/sites/default/files/2022/11/amman_2022_en.pdf,2024-10-16 13:08:47
https://unhabitat.org/sites/default/files/2022/11/buenosaires_2022_en-optimized.pdf,2024-10-16 13:09:02
https://unhabitat.org/sites/default/files/2022/11/cordoba_2022_es.pdf,2024-10-16 13:09:04
https://unhabitat.org/sites/default/files/2022/11/para_2022_en.pdf,2024-10-16 13:09:05
https://unhabitat.org/sites/default/files/2022/11/stuttgart_2020_en.pdf,2024-10-16 13:09:12
https://unhabitat.org/sites/default/files/2022/11/stuttgart_2022_gr.pdf,2024-10-16 13:09:16
https://unhabitat.org/sites/default/files/2022/12/amsterdam_2022_en.pdf,2024-10-16 13:09:19
https://unhabitat.org/sites/default/files/2022/12/barueri_2022_pt.pdf,2024-10-16 13:09:23
https://unhabitat.org/sites/default/files/2022/12/manizales_2022_es.pdf,2024-10-16 13:09:28
https://unhabitat.org/sites/default/files/2022/12/salta_2021_es.pdf,2024-10-16 13:09:31
https://unhabitat.org/sites/default/files/2022/12/taoyuan_2022_en.pdf,2024-10-16 13:09:32
https://unhabitat.org/sites/default/files/2023/01/cochabamba_2022_es-2.pdf,2024-10-16 13:09:48
https://unhabitat.org/sites/default/files/2023/01/el_alto_2022_es-2.pdf,2024-10-16 13:10:00
https://unhabitat.org/sites/default/files/2023/01/jakarta_2021_en.pdf,2024-10-16 13:10:09
https://unhabitat.org/sites/default/files/2023/01/la_paz_2022_es-2.pdf,2024-10-16 13:10:33
https://unhabitat.org/sites/default/files/2023/01/santa_cruz_de_la_sierra_2022_es-2.pdf,2024-10-16 13:10:47
https://unhabitat.org/sites/default/files/2023/03/al_madinah_2023_en.pdf,2024-10-16 13:10:55
https://unhabitat.org/sites/default/files/2023/03/amman_2022_ar.pdf,2024-10-16 13:11:07
https://unhabitat.org/sites/default/files/2023/03/atenas_2022_es.pdf,2024-10-16 13:11:20
https://unhabitat.org/sites/default/files/2023/03/atenas_2023_es.pdf,2024-10-16 13:11:23
https://unhabitat.org/sites/default/files/2023/03/belen_2022_es.pdf,2024-10-16 13:11:24
https://unhabitat.org/sites/default/files/2023/03/belen_2023_es.pdf,2024-10-16 13:11:28
https://unhabitat.org/sites/default/files/2023/03/bragado_2021_es.pdf,2024-10-16 13:11:29
https://unhabitat.org/sites/default/files/2023/03/catamarca_2021_es.pdf,2024-10-16 13:11:31
https://unhabitat.org/sites/default/files/2023/03/chaco_2021_es.pdf,2024-10-16 13:11:32
https://unhabitat.org/sites/default/files/2023/03/chubut_2021_es.pdf,2024-10-16 13:11:36
https://unhabitat.org/sites/default/files/2023/03/corrientes_2022_es.pdf,2024-10-16 13:11:37
https://unhabitat.org/sites/default/files/2023/03/entre_rios_2021_es.pdf,2024-10-16 13:11:42
https://unhabitat.org/sites/default/files/2023/03/escazu_2022_es.pdf,2024-10-16 13:11:43
https://unhabitat.org/sites/default/files/2023/03/escazu_2023_es_1.pdf,2024-10-16 13:11:56
https://unhabitat.org/sites/default/files/2023/03/ghent_2022_en.pdf,2024-10-16 13:12:03
https://unhabitat.org/sites/default/files/2023/03/gladsaxe_2022_en.pdf,2024-10-16 13:12:04
https://unhabitat.org/sites/default/files/2023/03/goicoechea_2022_es.pdf,2024-10-16 13:12:08
https://unhabitat.org/sites/default/files/2023/03/goicoechea_2023_es.pdf,2024-10-16 13:12:13
https://unhabitat.org/sites/default/files/2023/03/la_costa_2022_es.pdf,2024-10-16 13:12:17
https://unhabitat.org/sites/default/files/2023/03/la_pampa_2021_es.pdf,2024-10-16 13:12:18
https://unhabitat.org/sites/default/files/2023/03/la_rioja_2021_es.pdf,2024-10-16 13:12:19
https://unhabitat.org/sites/default/files/2023/03/madrid_2023_en.pdf,2024-10-16 13:12:20
https://unhabitat.org/sites/default/files/2023/03/marmara_region_2022_en.pdf,2024-10-16 13:12:27
https://unhabitat.org/sites/default/files/2023/03/misiones_2021_es.pdf,2024-10-16 13:12:33
https://unhabitat.org/sites/default/files/2023/03/neuquen_2022_es.pdf,2024-10-16 13:12:36
https://unhabitat.org/sites/default/files/2023/03/puriscal_2022_es.pdf,2024-10-16 13:12:38
https://unhabitat.org/sites/default/files/2023/03/puriscal_2023_es.pdf,2024-10-16 13:12:40
https://unhabitat.org/sites/default/files/2023/03/rio_grande_2022_es.pdf,2024-10-16 13:12:40
https://unhabitat.org/sites/default/files/2023/03/san_juan_2021_es.pdf,2024-10-16 13:12:42
https://unhabitat.org/sites/default/files/2023/03/santa_fe_2021_es.pdf,2024-10-16 13:12:44
https://unhabitat.org/sites/default/files/2023/03/sarchi_2022_es.pdf,2024-10-16 13:12:45
https://unhabitat.org/sites/default/files/2023/03/sarchi_2023_es.pdf,2024-10-16 13:12:47
https://unhabitat.org/sites/default/files/2023/03/tierra_del_fuego_2022_es.pdf,2024-10-16 13:12:49
https://unhabitat.org/sites/default/files/2023/03/tucuman_2021_es.pdf,2024-10-16 13:12:51
https://unhabitat.org/sites/default/files/2023/03/viken_2021_en.pdf,2024-10-16 13:12:52
https://unhabitat.org/sites/default/files/2023/03/yerba_buena_2022_es.pdf,2024-10-16 13:12:53
https://unhabitat.org/sites/default/files/2023/04/alhaurin_de_la_torre_2019_es.pdf,2024-10-16 13:12:54
https://unhabitat.org/sites/default/files/2023/04/barcelona_2022_cat.pdf,2024-10-16 13:12:57
https://unhabitat.org/sites/default/files/2023/04/barcelona_2022_en.pdf,2024-10-16 13:13:03
https://unhabitat.org/sites/default/files/2023/04/barcelona_2022_es.pdf,2024-10-16 13:13:08
https://unhabitat.org/sites/default/files/2023/04/basque_country_2022_es.pdf,2024-10-16 13:13:13
https://unhabitat.org/sites/default/files/2023/04/cascais_2020_pt.pdf,2024-10-16 13:13:16
https://unhabitat.org/sites/default/files/2023/04/castilla_la_mancha_2019_es.pdf,2024-10-16 13:13:29
https://unhabitat.org/sites/default/files/2023/04/london_2021_en.pdf,2024-10-16 13:13:32
https://unhabitat.org/sites/default/files/2023/04/sao_paulo_state_2022_pt.pdf,2024-10-16 13:13:34
https://unhabitat.org/sites/default/files/2023/05/agenda_ebc2030.pdf,2024-10-16 13:13:45
https://unhabitat.org/sites/default/files/2023/05/barcelona_agenda2030_metas_indicadores_clave_spanish.pdf,2024-10-16 13:13:45
https://unhabitat.org/sites/default/files/2023/05/barcelona_agenda2030targets_keyindicators_english.pdf,2024-10-16 13:13:47
https://unhabitat.org/sites/default/files/2023/05/basque_monitoring_report_2020-agenda2030.pdf,2024-10-16 13:13:49
https://unhabitat.org/sites/default/files/2023/05/the-region-of-valencia-and-the-local-implementation-of-the-sdgs-a-region-committed-to-cooperation-and-the-2030-agenda-for-sustainable-development.pdf,2024-10-16 13:13:50
https://unhabitat.org/sites/default/files/2023/05/turku_vlr_2022.pdf,2024-10-16 13:13:51
https://unhabitat.org/sites/default/files/2023/06/bhopal_2023_en.pdf,2024-10-16 13:14:00
https://unhabitat.org/sites/default/files/2023/06/cascais_2022_en.pdf,2024-10-16 13:14:03
https://unhabitat.org/sites/default/files/2023/06/mwanza_2023_en.pdf,2024-10-16 13:14:04
https://unhabitat.org/sites/default/files/2023/06/thunder_bay_2022_en.pdf,2024-10-16 13:14:06
https://unhabitat.org/sites/default/files/2023/06/vitoria-gasteiz_2022_en.pdf,2024-10-16 13:14:12
https://unhabitat.org/sites/default/files/2023/07/alor_gajah_2022_en.pdf,2024-10-16 13:14:32
https://unhabitat.org/sites/default/files/2023/07/buenos_aires_2023_en.pdf,2024-10-16 13:14:57
https://unhabitat.org/sites/default/files/2023/07/buenos_aires_2023_es.pdf,2024-10-16 13:15:09
https://unhabitat.org/sites/default/files/2023/07/changhua_county_2023_zh-hant.pdf,2024-10-16 13:15:23
https://unhabitat.org/sites/default/files/2023/07/helsinki_2023_en.pdf,2024-10-16 13:15:24
https://unhabitat.org/sites/default/files/2023/07/lienchiang_county_2023_zh-hant.pdf,2024-10-16 13:15:29
https://unhabitat.org/sites/default/files/2023/07/manabi_2022_es.pdf,2024-10-16 13:15:47
https://unhabitat.org/sites/default/files/2023/07/sepang_2023_en.pdf,2024-10-16 13:16:27
https://unhabitat.org/sites/default/files/2023/07/tizayuca_2023_es.pdf,2024-10-16 13:16:34
https://unhabitat.org/sites/default/files/2023/07/tokyo_2023_en.pdf,2024-10-16 13:16:42
https://unhabitat.org/sites/default/files/2023/08/cordoba_2023_en_1.pdf,2024-10-16 13:16:53
https://unhabitat.org/sites/default/files/2023/08/cordoba_2023_es.pdf,2024-10-16 13:16:58
https://unhabitat.org/sites/default/files/2023/08/melaka_2022_en.pdf,2024-10-16 13:17:02
https://unhabitat.org/sites/default/files/2023/08/vantaa_2023_en.pdf,2024-10-16 13:17:30
https://unhabitat.org/sites/default/files/2023/09/hawaii_2023_en_1.pdf,2024-10-16 13:17:33
https://unhabitat.org/sites/default/files/2023/09/mafra_2023_en.pdf,2024-10-16 13:17:44
https://unhabitat.org/sites/default/files/2023/09/montevideo_2022_es.pdf,2024-10-16 13:17:56
https://unhabitat.org/sites/default/files/2023/09/montevideo_2023_es.pdf,2024-10-16 13:18:01
https://unhabitat.org/sites/default/files/2023/09/ortiz-moyaetal.2023-stateofthevoluntarylocalreviews2023follow-upandreviewofthe2030agendaatthelocallevel.pdf,2024-10-16 13:18:07
https://unhabitat.org/sites/default/files/2023/10/agadir_2023_en.pdf,2024-10-16 13:18:24
https://unhabitat.org/sites/default/files/2023/10/agadir_2023_fr.pdf,2024-10-16 13:18:31
https://unhabitat.org/sites/default/files/2023/10/antioquia_2021_escompressed.pdf,2024-10-16 13:18:38
https://unhabitat.org/sites/default/files/2023/10/basque_country_2023_en.pdf,2024-10-16 13:19:03
https://unhabitat.org/sites/default/files/2023/10/belo_horizonte_2022_es.pdf,2024-10-16 13:19:09
https://unhabitat.org/sites/default/files/2023/10/bogota_2022_es.pdf,2024-10-16 13:19:42
https://unhabitat.org/sites/default/files/2023/10/dortmund_2022_en.pdf,2024-10-16 13:19:46
https://unhabitat.org/sites/default/files/2023/10/filadelfia_paraguay_2022_es.pdf,2024-10-16 13:19:49
https://unhabitat.org/sites/default/files/2023/10/kuala_lumpur_2022_en.pdf,2024-10-16 13:19:52
https://unhabitat.org/sites/default/files/2023/10/oaxaca_2022_es.pdf,2024-10-16 13:20:39
https://unhabitat.org/sites/default/files/2023/10/selangor_2022_en.pdf,2024-10-16 13:20:41
https://unhabitat.org/sites/default/files/2023/10/yangzhou_2021_en.pdf,2024-10-16 13:20:50
https://unhabitat.org/sites/default/files/2023/11/bergen_no_2021.pdf,2024-10-16 13:20:58
https://unhabitat.org/sites/default/files/2023/11/bergen_no_2023.pdf,2024-10-16 13:20:59
https://unhabitat.org/sites/default/files/2023/11/fatih_2023_en.pdf,2024-10-16 13:21:00
https://unhabitat.org/sites/default/files/2023/11/fatih_2023_tr.pdf,2024-10-16 13:21:41
https://unhabitat.org/sites/default/files/2023/11/rapa_nui_2023_es.pdf,2024-10-16 13:22:17
https://unhabitat.org/sites/default/files/2023/12/frankfurt_2020_de.pdf,2024-10-16 13:22:32
https://unhabitat.org/sites/default/files/2023/12/shanghai_2022_en.pdf,2024-10-16 13:22:38
https://unhabitat.org/sites/default/files/2024/01/bijeljina_2023_en.pdf,2024-10-16 13:23:15
https://unhabitat.org/sites/default/files/2024/01/emboreet_village-manyara_2023_en.pdf,2024-10-16 13:23:17
https://unhabitat.org/sites/default/files/2024/01/kibaha_2023_en.pdf,2024-10-16 13:23:19
https://unhabitat.org/sites/default/files/2024/02/malaga_2019_es.pdf,2024-10-16 13:23:20
https://unhabitat.org/sites/default/files/2024/02/malaga_2020_es.pdf,2024-10-16 13:23:26
https://unhabitat.org/sites/default/files/2024/02/malaga_2021_es.pdf,2024-10-16 13:23:46
https://unhabitat.org/sites/default/files/2024/02/malaga_2022_es.pdf,2024-10-16 13:24:15
https://unhabitat.org/sites/default/files/2024/02/mixco_2022_es.pdf,2024-10-16 13:24:29
https://unhabitat.org/sites/default/files/2024/02/shinan-gun_2023_en.pdf,2024-10-16 13:24:45
https://unhabitat.org/sites/default/files/2024/02/suwon_2022_en.pdf,2024-10-16 13:25:23
https://unhabitat.org/sites/default/files/2024/07/2023_-_barcelona_english.pdf,2024-10-16 13:25:35
https://unhabitat.org/sites/default/files/2024/07/2023_-_lviv_english.pdf,2024-10-16 13:25:43
https://unhabitat.org/sites/default/files/2024/07/2023_espoo_vlr.pdf,2024-10-16 13:25:55
https://unhabitat.org/sites/default/files/2024/07/2023_hamburg_vlr_english.pdf,2024-10-16 13:26:00
https://unhabitat.org/sites/default/files/2024/07/agios_dimitrios_2023.pdf,2024-10-16 13:26:06
https://unhabitat.org/sites/default/files/2024/07/beheira_vlr.pdf,2024-10-16 13:26:15
https://unhabitat.org/sites/default/files/2024/07/emboreet_village_manyara_2023.pdf,2024-10-16 13:26:24
https://unhabitat.org/sites/default/files/2024/07/francisco_morato_2023_0.pdf,2024-10-16 13:26:26
https://unhabitat.org/sites/default/files/2024/07/freiburg_2024.pdf,2024-10-16 13:26:36
https://unhabitat.org/sites/default/files/2024/07/ghent-vlr-2023.pdf,2024-10-16 13:26:43
https://unhabitat.org/sites/default/files/2024/07/hsinchu_city_2023.pdf,2024-10-16 13:26:50
https://unhabitat.org/sites/default/files/2024/07/ilv_sf_rincon_2023.pdf,2024-10-16 13:27:00
https://unhabitat.org/sites/default/files/2024/07/ilv_vf_kanasin2023.pdf,2024-10-16 13:27:05
https://unhabitat.org/sites/default/files/2024/07/imbabura_2024.pdf,2024-10-16 13:27:07
https://unhabitat.org/sites/default/files/2024/07/informe_local_voluntario_manabi_2023_es.pdf,2024-10-16 13:27:33
https://unhabitat.org/sites/default/files/2024/07/karatay_2023.pdf,2024-10-16 13:27:46
https://unhabitat.org/sites/default/files/2024/07/matosinhos_2023.pdf,2024-10-16 13:28:16
https://unhabitat.org/sites/default/files/2024/07/port_said_vlr.pdf,2024-10-16 13:28:19
https://unhabitat.org/sites/default/files/2024/07/stuttgart-a_livable_city_1.pdf,2024-10-16 13:28:35
https://unhabitat.org/sites/default/files/2024/07/sustainability_report_for_the_city_of_oslo.pdf,2024-10-16 13:28:45
https://unhabitat.org/sites/default/files/2024/07/taichung_2023.pdf,2024-10-16 13:28:50
https://unhabitat.org/sites/default/files/2024/07/tandil_2023.pdf,2024-10-16 13:29:03
https://unhabitat.org/sites/default/files/2024/07/torres_vedras_2024.pdf,2024-10-16 13:29:06
https://unhabitat.org/sites/default/files/2024/07/utrecht-vlr-2023.pdf,2024-10-16 13:29:10
https://unhabitat.org/sites/default/files/2024/07/villa_maria_2022.pdf,2024-10-16 13:29:17
https://unhabitat.org/sites/default/files/2024/07/vlr_bad_kostritz_en_2023.pdf,2024-10-16 13:29:34
https://unhabitat.org/sites/default/files/2024/07/vlr_from_gladsaxe_2023.pdf,2024-10-16 13:29:38
https://unhabitat.org/sites/default/files/2024/07/vlr_fuerstenfeldbruck_en.pdf,2024-10-16 13:29:44
https://unhabitat.org/sites/default/files/2024/07/vlr_koeln_en_2023.pdf,2024-10-16 13:29:51
https://unhabitat.org/sites/default/files/2024/07/voluntary_review_of_the_city_of_rottenburg_am_neckar_2023_.pdf,2024-10-16 13:30:01
https://unhabitat.org/sites/default/files/2024/07/yunlin_county_2023.pdf,2024-10-16 13:30:06
https://unhabitat.org/sites/default/files/2024/08/almaty_2023_en.pdf,2024-10-16 13:30:12
https://unhabitat.org/sites/default/files/2024/08/braga_2019_en.pdf,2024-10-16 13:30:22
https://unhabitat.org/sites/default/files/2024/08/bungoma_2024_en.pdf,2024-10-16 13:30:32
https://unhabitat.org/sites/default/files/2024/08/canelones_2022_es.pdf,2024-10-16 13:30:33
https://unhabitat.org/sites/default/files/2024/08/chiapas_2023_es.pdf,2024-10-16 13:30:39
https://unhabitat.org/sites/default/files/2024/08/dki_jakarta_2021_en.pdf,2024-10-16 13:30:53
https://unhabitat.org/sites/default/files/2024/08/elgeyo_2024_en.pdf,2024-10-16 13:30:59
https://unhabitat.org/sites/default/files/2024/08/ennour_2024_fr.pdf,2024-10-16 13:31:01
https://unhabitat.org/sites/default/files/2024/08/freiburg_2024_en.pdf,2024-10-16 13:31:20
https://unhabitat.org/sites/default/files/2024/08/guangzhou_2021_en.pdf,2024-10-16 13:31:22
https://unhabitat.org/sites/default/files/2024/08/istanbul_2022_en.pdf,2024-10-16 13:31:25
https://unhabitat.org/sites/default/files/2024/08/kakamega_2024_en.pdf,2024-10-16 13:31:34
https://unhabitat.org/sites/default/files/2024/08/lviv_2023_en.pdf,2024-10-16 13:31:35
https://unhabitat.org/sites/default/files/2024/08/lviv_2023_ukr.pdf,2024-10-16 13:31:47
https://unhabitat.org/sites/default/files/2024/08/manabi_2024_en.pdf,2024-10-16 13:31:59
https://unhabitat.org/sites/default/files/2024/08/manabi_2024_es.pdf,2024-10-16 13:32:13
https://unhabitat.org/sites/default/files/2024/08/mombasa_2024_en.pdf,2024-10-16 13:32:20
https://unhabitat.org/sites/default/files/2024/08/montevideo_2024_es.pdf,2024-10-16 13:32:21
https://unhabitat.org/sites/default/files/2024/08/municipalities_of_mozambique_2020_en.pdf,2024-10-16 13:32:29
https://unhabitat.org/sites/default/files/2024/08/municipios_de_mocambique_2020_pt.pdf,2024-10-16 13:32:30
https://unhabitat.org/sites/default/files/2024/08/mwanza_2022_en.pdf,2024-10-16 13:32:30
https://unhabitat.org/sites/default/files/2024/08/nakhon_si_thammarat_2022_en.pdf,2024-10-16 13:32:32
https://unhabitat.org/sites/default/files/2024/08/neuquen_2021_es.pdf,2024-10-16 13:33:37
https://unhabitat.org/sites/default/files/2024/08/nyeri_2024_en.pdf,2024-10-16 13:33:39
https://unhabitat.org/sites/default/files/2024/08/oocoyoacac_2024_es.pdf,2024-10-16 13:33:41
https://unhabitat.org/sites/default/files/2024/08/partido_de_la_costa_2022_es.pdf,2024-10-16 13:33:44
https://unhabitat.org/sites/default/files/2024/08/penang_island_2021_en.pdf,2024-10-16 13:33:45
https://unhabitat.org/sites/default/files/2024/08/pichincha_2024_es.pdf,2024-10-16 13:33:51
https://unhabitat.org/sites/default/files/2024/08/sado_city_2024_en.pdf,2024-10-16 13:34:03
https://unhabitat.org/sites/default/files/2024/08/salta_2022_es.pdf,2024-10-16 13:34:05
https://unhabitat.org/sites/default/files/2024/08/san_justo_2022_es.pdf,2024-10-16 13:34:05
https://unhabitat.org/sites/default/files/2024/08/santa_maria_del_oro_municipality_2024_es.pdf,2024-10-16 13:34:14
https://unhabitat.org/sites/default/files/2024/08/seodaemun-gu_2021_en.pdf,2024-10-16 13:34:20
https://unhabitat.org/sites/default/files/2024/08/sydney_2017_en.pdf,2024-10-16 13:34:23
https://unhabitat.org/sites/default/files/2024/08/tainan_2023_en.pdf,2024-10-16 13:34:24
https://unhabitat.org/sites/default/files/2024/08/taita_taveta_2024_en.pdf,2024-10-16 13:34:46
https://unhabitat.org/sites/default/files/2024/08/tekax_2022_es.pdf,2024-10-16 13:34:47
https://unhabitat.org/sites/default/files/2024/08/tierp_2024_en.pdf,2024-10-16 13:34:52
https://unhabitat.org/sites/default/files/2024/08/tierp_2024_se.pdf,2024-10-16 13:35:08
https://unhabitat.org/sites/default/files/2024/08/turku_2022_en.pdf,2024-10-16 13:35:15
https://unhabitat.org/sites/default/files/2024/08/valles_oriental_2023_ca.pdf,2024-10-16 13:35:20
https://unhabitat.org/sites/default/files/2024/08/villa_maria_2023_es.pdf,2024-10-16 13:35:21
https://unhabitat.org/sites/default/files/2024/08/vlr_progress_report_of_karatay_-_konya_2023_-_turkish.pdf,2024-10-16 13:35:36
https://unhabitat.org/sites/default/files/2024/08/wallonia_2019_fr.pdf,2024-10-16 13:35:52
https://unhabitat.org/sites/default/files/2024/08/wallonia_2023_fr.pdf,2024-10-16 13:36:00
https://unhabitat.org/sites/default/files/2024/08/west_java_2024_en.pdf,2024-10-16 13:36:06
https://unhabitat.org/sites/default/files/2024/08/west_pokot_2024_en.pdf,2024-10-16 13:36:13
https://unhabitat.org/sites/default/files/2024/08/zapopoan_2024_es.pdf,2024-10-16 13:36:14
https://unhabitat.org/sites/default/files/2024/10/chandragiri_2024_en.pdf,2024-10-16 13:36:16
https://unhabitat.org/sites/default/files/2024/10/everyone_can_flourish_on_the_island_of_peace_-_aland_voluntary_review_2024_1.pdf,2024-10-16 13:36:38
https://www.iges.or.jp/sites/default/files/2024-01/2021%20-%20Jakarta.pdf,2024-10-16 13:36:42
https://www.iges.or.jp/sites/default/files/2024-01/2023%20-%20Taipei_s.pdf,2024-10-16 13:36:53
https://www.iges.or.jp/sites/default/files/2024-01/2023%20Taichung%20City%20VLR_s.pdf,2024-10-16 13:37:22
https://www.iges.or.jp/sites/default/files/2024-02/2023 - Hsinchu City.pdf,2024-10-16 13:37:29
https://www.iges.or.jp/sites/default/files/2024-02/2023 - Yunlin County.pdf,2024-10-16 13:37:32
https://www.iges.or.jp/sites/default/files/2024-02/2023%20-%20Agios%20Dimitrios.pdf,2024-10-16 13:37:36
https://www.iges.or.jp/sites/default/files/2024-02/2023%20-%20Fuerstenfeldbruck_German.pdf,2024-10-16 13:37:40
https://www.iges.or.jp/sites/default/files/2024-02/2023%20-%20Yunlin%20County.pdf,2024-10-16 13:37:46
https://www.iges.or.jp/sites/default/files/2024-03/2023 - Rottenburg am Neckar.pdf,2024-10-16 13:37:49
https://www.iges.or.jp/sites/default/files/2024-03/2023%20-%20Hamburg_English.pdf,2024-10-16 13:37:51
https://www.iges.or.jp/sites/default/files/2024-03/2023%20-%20Hamburg_German.pdf,2024-10-16 13:37:54
https://www.iges.or.jp/sites/default/files/2024-04/2023%20-%20Barcelona_Catalan.pdf,2024-10-16 13:38:02
https://www.iges.or.jp/sites/default/files/2024-04/2023%20-%20Barcelona_English.pdf,2024-10-16 13:38:09
https://www.iges.or.jp/sites/default/files/2024-04/2023%20-%20Barcelona_Spanish.pdf,2024-10-16 13:38:13
https://www.iges.or.jp/sites/default/files/2024-04/2023%20-%20Ghent.pdf,2024-10-16 13:38:20
https://www.iges.or.jp/sites/default/files/2024-04/2023%20-%20Gladsaxe.pdf,2024-10-16 13:38:23
https://www.iges.or.jp/sites/default/files/2024-04/2023%20-%20Lviv_English.pdf,2024-10-16 13:38:26
https://www.iges.or.jp/sites/default/files/2024-04/2023%20-%20Lviv_Ukranian.pdf,2024-10-16 13:38:38
https://www.iges.or.jp/sites/default/files/2024-05/2023%20-%20Fatih.pdf,2024-10-16 13:38:50
https://www.iges.or.jp/sites/default/files/2024-07/2023 - Jambi_English.pdf,2024-10-16 13:39:11
https://www.iges.or.jp/sites/default/files/2024-07/2024%20-%20Sado%20City_English.pdf,2024-10-16 13:39:15
https://www.iges.or.jp/sites/default/files/2024-07/2024%20-%20Sado%20City_Japanese.pdf,2024-10-16 13:39:16
https://www.iges.or.jp/sites/default/files/2024-07/2024%20-%20West%20Java_English.pdf,2024-10-16 13:39:19
https://www.iges.or.jp/sites/default/files/2024-10/2023%20-%20Pittung.pdf,2024-10-16 13:39:23
https://www.iges.or.jp/sites/default/files/2024-10/2023%20-%20Stuttgart.pdf,2024-10-16 13:39:30
https://www.iges.or.jp/sites/default/files/inline-files/2018%20-%20New%20York.pdf,2024-10-16 13:39:35
https://www.iges.or.jp/sites/default/files/inline-files/2019%20-%20Helsinki.pdf,2024-10-16 13:39:37
https://www.iges.or.jp/sites/default/files/inline-files/2019%20-%20La%20Paz.pdf,2024-10-16 13:39:39
https://www.iges.or.jp/sites/default/files/inline-files/2019%20-%20Los%20Angeles.pdf,2024-10-16 13:40:01
https://www.iges.or.jp/sites/default/files/inline-files/2019%20-%20New%20Taipei.pdf,2024-10-16 13:40:03
https://www.iges.or.jp/sites/default/files/inline-files/2019%20VLR%20Province%20of%20Jaen.pdf,2024-10-16 13:40:06
https://www.iges.or.jp/sites/default/files/inline-files/2020%20-%20Cordoba%20-%20Spanish.pdf,2024-10-16 13:40:10
https://www.iges.or.jp/sites/default/files/inline-files/2020%20-%20Espoo.pdf,2024-10-16 13:40:14
https://www.iges.or.jp/sites/default/files/inline-files/2020%20-%20Ghent.pdf,2024-10-16 13:40:35
https://www.iges.or.jp/sites/default/files/inline-files/2020%20-%20Hawai%E2%80%98i.pdf,2024-10-16 13:40:38
https://www.iges.or.jp/sites/default/files/inline-files/2020%20-%20Liverpool.pdf,2024-10-16 13:40:41
https://www.iges.or.jp/sites/default/files/inline-files/2020%20-%20Montevideo.pdf,2024-10-16 13:40:45
https://www.iges.or.jp/sites/default/files/inline-files/2020%20-%20Niteroi.pdf,2024-10-16 13:40:47
https://www.iges.or.jp/sites/default/files/inline-files/2020%20-%20Pittsburgh.pdf,2024-10-16 13:40:55
https://www.iges.or.jp/sites/default/files/inline-files/2020%20-%20Rio%20de%20Janeiro%20-%20Portuguese.pdf,2024-10-16 13:41:56
https://www.iges.or.jp/sites/default/files/inline-files/2020%20-%20Stuttgart.pdf,2024-10-16 13:41:59
https://www.iges.or.jp/sites/default/files/inline-files/2020%20-%20Turku.pdf,2024-10-16 13:42:00
https://www.iges.or.jp/sites/default/files/inline-files/2020%20Taipei%20City%20Voluntary%20local%20review.pdf,2024-10-16 13:42:06
https://www.iges.or.jp/sites/default/files/inline-files/2020%20VLR%20Province%20of%20Jaen.pdf,2024-10-16 13:42:11
https://www.iges.or.jp/sites/default/files/inline-files/2021%20-%20Asker.pdf,2024-10-16 13:42:32
https://www.iges.or.jp/sites/default/files/inline-files/2021%20-%20Barcelona.pdf,2024-10-16 13:42:33
https://www.iges.or.jp/sites/default/files/inline-files/2021%20-%20Cape%20Town.pdf,2024-10-16 13:42:37
https://www.iges.or.jp/sites/default/files/inline-files/2021%20-%20City%20of%20M%C3%A9rida.pdf,2024-10-16 13:42:39
https://www.iges.or.jp/sites/default/files/inline-files/2021%20-%20Florence%20-%20Italian.pdf,2024-10-16 13:42:59
https://www.iges.or.jp/sites/default/files/inline-files/2021%20-%20Ghent.pdf,2024-10-16 13:43:17
https://www.iges.or.jp/sites/default/files/inline-files/2021%20-%20Gladsaxe.pdf,2024-10-16 13:43:20
https://www.iges.or.jp/sites/default/files/inline-files/2021%20-%20Helsinki.pdf,2024-10-16 13:43:24
https://www.iges.or.jp/sites/default/files/inline-files/2021%20-%20Karatay%20v2.0.pdf,2024-10-16 13:43:27
https://www.iges.or.jp/sites/default/files/inline-files/2021%20-%20Madrid.pdf,2024-10-16 13:44:04
https://www.iges.or.jp/sites/default/files/inline-files/2021%20-%20Malmo.pdf,2024-10-16 13:44:06
https://www.iges.or.jp/sites/default/files/inline-files/2021%20-%20New%20Taipei.pdf,2024-10-16 13:44:12
https://www.iges.or.jp/sites/default/files/inline-files/2021%20-%20Orlando.pdf,2024-10-16 13:44:16
https://www.iges.or.jp/sites/default/files/inline-files/2021%20-%20Shah%20Alam.pdf,2024-10-16 13:44:32
https://www.iges.or.jp/sites/default/files/inline-files/2021%20-%20Skiathos.pdf,2024-10-16 13:44:36
https://www.iges.or.jp/sites/default/files/inline-files/2021%20-%20Stuttgart.pdf,2024-10-16 13:44:38
https://www.iges.or.jp/sites/default/files/inline-files/2021%20-%20Subang%20Jaya.pdf,2024-10-16 13:44:43
https://www.iges.or.jp/sites/default/files/inline-files/2021%20-%20Sultanbeyli%2C%20English.pdf,2024-10-16 13:44:47
https://www.iges.or.jp/sites/default/files/inline-files/2021%20-%20Suwon.pdf,2024-10-16 13:45:23
https://www.iges.or.jp/sites/default/files/inline-files/2021%20-%20Taichung%20City.pdf,2024-10-16 13:45:34
https://www.iges.or.jp/sites/default/files/inline-files/2021%20-%20Tainan%20City_m.pdf,2024-10-16 13:45:54
https://www.iges.or.jp/sites/default/files/inline-files/2021%20-%20Tokyo.pdf,2024-10-16 13:46:02
https://www.iges.or.jp/sites/default/files/inline-files/2021%20-%20Vantaa.pdf,2024-10-16 13:46:10
https://www.iges.or.jp/sites/default/files/inline-files/2021%20-%20Yokohama.pdf,2024-10-16 13:46:15
https://www.iges.or.jp/sites/default/files/inline-files/2021%20-%20Yunlin%20County_m.pdf,2024-10-16 13:46:24
https://www.iges.or.jp/sites/default/files/inline-files/2021%20Kaohsiung%20City%20Voluntary%20Local%20Review%20.pdf,2024-10-16 13:46:40
https://www.iges.or.jp/sites/default/files/inline-files/2021-Kelowna.pdf,2024-10-16 13:48:27
https://www.iges.or.jp/sites/default/files/inline-files/2022%20-%20Amman.pdf,2024-10-16 13:48:32
https://www.iges.or.jp/sites/default/files/inline-files/2022%20-%20Atenas.pdf,2024-10-16 13:48:48
https://www.iges.or.jp/sites/default/files/inline-files/2022%20-%20Avcilar.pdf,2024-10-16 13:48:51
https://www.iges.or.jp/sites/default/files/inline-files/2022%20-%20Belen.pdf,2024-10-16 13:48:57
https://www.iges.or.jp/sites/default/files/inline-files/2022%20-%20Bonn.pdf,2024-10-16 13:49:01
https://www.iges.or.jp/sites/default/files/inline-files/2022%20-%20Bristol.pdf,2024-10-16 13:49:05
https://www.iges.or.jp/sites/default/files/inline-files/2022%20-%20Cascais.pdf,2024-10-16 13:49:08
https://www.iges.or.jp/sites/default/files/inline-files/2022%20-%20Cochabamba.pdf,2024-10-16 13:49:09
https://www.iges.or.jp/sites/default/files/inline-files/2022%20-%20Dhulikhel.pdf,2024-10-16 13:49:16
https://www.iges.or.jp/sites/default/files/inline-files/2022%20-%20Dusseldorf.pdf,2024-10-16 13:49:20
https://www.iges.or.jp/sites/default/files/inline-files/2022%20-%20El%20Alto.pdf,2024-10-16 13:49:22
https://www.iges.or.jp/sites/default/files/inline-files/2022%20-%20Escazu.pdf,2024-10-16 13:49:29
https://www.iges.or.jp/sites/default/files/inline-files/2022%20-%20Ghent.pdf,2024-10-16 13:49:40
https://www.iges.or.jp/sites/default/files/inline-files/2022%20-%20Gladsaxe.pdf,2024-10-16 13:49:41
https://www.iges.or.jp/sites/default/files/inline-files/2022%20-%20Goicoechea.pdf,2024-10-16 13:49:50
https://www.iges.or.jp/sites/default/files/inline-files/2022%20-%20Kiel.pdf,2024-10-16 13:49:53
https://www.iges.or.jp/sites/default/files/inline-files/2022%20-%20La%20Paz.pdf,2024-10-16 13:50:13
https://www.iges.or.jp/sites/default/files/inline-files/2022%20-%20Manizales.pdf,2024-10-16 13:50:22
https://www.iges.or.jp/sites/default/files/inline-files/2022%20-%20Melbourne.pdf,2024-10-16 13:50:23
https://www.iges.or.jp/sites/default/files/inline-files/2022%20-%20Montevideo.pdf,2024-10-16 13:50:31
https://www.iges.or.jp/sites/default/files/inline-files/2022%20-%20Puriscal.pdf,2024-10-16 13:50:36
https://www.iges.or.jp/sites/default/files/inline-files/2022%20-%20Santa%20Cruz%20de%20la%20Sierra.pdf,2024-10-16 13:50:38
https://www.iges.or.jp/sites/default/files/inline-files/2022%20-%20Sarchi.pdf,2024-10-16 13:50:43
https://www.iges.or.jp/sites/default/files/inline-files/2022%20-%20Seodaemun-gu.pdf,2024-10-16 13:50:45
https://www.iges.or.jp/sites/default/files/inline-files/2022%20-%20Singra_0.pdf,2024-10-16 13:51:21
https://www.iges.or.jp/sites/default/files/inline-files/2022%20-%20Tampere.pdf,2024-10-16 13:51:24
https://www.iges.or.jp/sites/default/files/inline-files/2022%20-%20Taoyuan.pdf,2024-10-16 13:51:29
https://www.iges.or.jp/sites/default/files/inline-files/2022%20-%20Winnipeg.pdf,2024-10-16 13:51:42
https://www.iges.or.jp/sites/default/files/inline-files/2022%20Suwon%20SDG%20Report.pdf,2024-10-16 13:52:27
https://www.iges.or.jp/sites/default/files/inline-files/2023%20-%20Alor%20Gajah%20.pdf,2024-10-16 13:52:35
https://www.iges.or.jp/sites/default/files/inline-files/2023%20-%20Buenos%20Aires_English.pdf,2024-10-16 13:52:46
https://www.iges.or.jp/sites/default/files/inline-files/2023%20-%20Buenos%20Aires_Spanish.pdf,2024-10-16 13:52:55
https://www.iges.or.jp/sites/default/files/inline-files/2023%20-%20Hawai%27i.pdf,2024-10-16 13:53:04
https://www.iges.or.jp/sites/default/files/inline-files/2023%20-%20Helsinki.pdf,2024-10-16 13:53:24
https://www.iges.or.jp/sites/default/files/inline-files/2023%20-%20Kuala%20Lumpur.pdf,2024-10-16 13:53:32
https://www.iges.or.jp/sites/default/files/inline-files/2023%20-%20Mafra.pdf,2024-10-16 13:53:58
https://www.iges.or.jp/sites/default/files/inline-files/2023%20-%20Melaka%20City.pdf,2024-10-16 13:54:16
https://www.iges.or.jp/sites/default/files/inline-files/2023%20-%20Montevideo.pdf,2024-10-16 13:54:35
https://www.iges.or.jp/sites/default/files/inline-files/2023%20-%20NST%20Voluntary%20Local%20Reviews%202022.pdf,2024-10-16 13:54:42
https://www.iges.or.jp/sites/default/files/inline-files/2023%20-%20Sepang.pdf,2024-10-16 13:55:05
https://www.iges.or.jp/sites/default/files/inline-files/2023%20-%20Shinan-gun.pdf,2024-10-16 13:55:18
https://www.iges.or.jp/sites/default/files/inline-files/2023%20-%20Tainan%20City.pdf,2024-10-16 13:55:58
https://www.iges.or.jp/sites/default/files/inline-files/2023%20-%20Tokyo.pdf,2024-10-16 13:56:09
https://www.iges.or.jp/sites/default/files/inline-files/2023%20-%20Vantaa.pdf,2024-10-16 13:56:19
https://www.iges.or.jp/sites/default/files/inline-files/Anual%20monitoring%20report%202030%20Agenda%20Barcelona%20VLR%202022%20ENG.pdf,2024-10-16 13:56:22
https://www.iges.or.jp/sites/default/files/inline-files/Barcelona%E2%80%99s%202030%20Agenda%20-%20SDG%20targets%20and%20key%20indicators_0.pdf,2024-10-16 13:56:26
https://www.iges.or.jp/sites/default/files/inline-files/Dangjin%20VLR_0.pdf,2024-10-16 13:56:33
https://www.iges.or.jp/sites/default/files/inline-files/Hamamatsu.pdf,2024-10-16 13:56:50
https://www.iges.or.jp/sites/default/files/inline-files/Informe%20anual%20seguiment%20Agenda%202030%20de%20Barcelona%20VLR%202022%20CAT.pdf,2024-10-16 13:56:52
https://www.iges.or.jp/sites/default/files/inline-files/Informe%20anual%20seguimiento%20Agenda%202030%20de%20Barcelona%20VLR%202022%20ESP.pdf,2024-10-16 13:56:59
https://www.iges.or.jp/sites/default/files/inline-files/LosAngeles_2021_VLR.pdf,2024-10-16 13:57:05
https://www.iges.or.jp/sites/default/files/inline-files/Santana_de_Parna%C3%ADba_2030_Vision_%20Connected_to_the%20Future.pdf,2024-10-16 13:57:23
https://www.iges.or.jp/sites/default/files/inline-files/Suwon%20-%20Suwon%20Implementation%20Report%20on%20Goal%2011.pdf,2024-10-16 13:57:26
https://www.iges.or.jp/sites/default/files/inline-files/Taipei%20City%20VLR%202019.pdf,2024-10-16 13:57:27
https://www.iges.or.jp/sites/default/files/inline-files/Voluntary-Local-Review-Bericht-englisch_0.pdf,2024-10-16 13:57:31
https://www.iges.or.jp/sites/default/files/inline-files/taoyuan%2Bcity%2Bvlr.pdf,2024-10-16 13:57:33
https://www.iges.or.jp/sites/default/files/inline-files/vlr_2021_-_english.pdf,2024-10-16 13:58:25
https://www.iges.or.jp/sites/default/files/inline-files/vlr_2022_ingles.pdf,2024-10-16 13:58:27
https://www.iges.or.jp/sites/default/files/inline-files/vlr_ba_2020_eng_1.pdf,2024-10-16 13:58:31
https://www.local2030.org/pdf/vlr/EspooVLR2020Web.pdf,2024-10-16 13:58:32
https://www.local2030.org/pdf/vlr/Informe-Voluntario-Local-CORDOBA-2022-ARG-baja.pdf,2024-10-16 13:58:53
https://www.local2030.org/pdf/vlr/Voluntary-Local-Review-CORDOBA-2022-ARG-baja.pdf,2024-10-16 13:58:54
https://www.local2030.org/pdf/vlr/aloha2020.pdf,2024-10-16 13:58:56
https://www.local2030.org/pdf/vlr/bristol-uk-vlr-2019.pdf,2024-10-16 13:59:03
https://www.local2030.org/pdf/vlr/buenos-aires-argentina-vlr-2019.pdf,2024-10-16 13:59:06
https://www.local2030.org/pdf/vlr/hamamatsu-city.pdf,2024-10-16 13:59:09
https://www.local2030.org/pdf/vlr/helsinki-city-2019.pdf,2024-10-16 13:59:12
https://www.local2030.org/pdf/vlr/international-affairs-vlr-2019.pdf,2024-10-16 13:59:20
https://www.local2030.org/pdf/vlr/las-voluntary-local-review-of-sdgs-2019.pdf,2024-10-16 13:59:22
https://www.local2030.org/pdf/vlr/mannheim-vlr-2020.pdf,2024-10-16 13:59:25
https://www.local2030.org/pdf/vlr/oaxaca-vlr-2020.pdf,2024-10-16 13:59:31
https://www.local2030.org/pdf/vlr/santana-de-parnaiba-brasil-vlr-2019.pdf,2024-10-16 13:59:34
https://www.local2030.org/pdf/vlr/taipei-city-vlr-2019.pdf,2024-10-16 13:59:38
https://www.local2030.org/pdf/vlr/tapei-voluntary-local-review-2020.pdf,2024-10-16 13:59:43
https://www.local2030.org/pdf/vlr/vlr-city-of-turku-finland-2020.pdf,2024-10-16 13:59:55
https://www.local2030.org/pdf/vlr/yucatan-2020-min.pdf,2024-10-16 13:59:58
